reading,trial,method,top1
full_field,0,greedy,0.695
full_field,0,static,0.705
full_field,0,mi_rank,0.735
full_field,0,random_auth0,0.745
full_field,1,greedy,0.675
full_field,1,static,0.765
full_field,1,mi_rank,0.71
full_field,1,random_auth0,0.655
full_field,2,greedy,0.71
full_field,2,static,0.69
full_field,2,mi_rank,0.715
full_field,2,random_auth0,0.7
full_field,3,greedy,0.735
full_field,3,static,0.695
full_field,3,mi_rank,0.695
full_field,3,random_auth0,0.74
full_field,4,greedy,0.795
full_field,4,static,0.745
full_field,4,mi_rank,0.695
full_field,4,random_auth0,0.715
full_field,5,greedy,0.71
full_field,5,static,0.725
full_field,5,mi_rank,0.78
full_field,5,random_auth0,0.685
full_field,6,greedy,0.705
full_field,6,static,0.755
full_field,6,mi_rank,0.695
full_field,6,random_auth0,0.745
full_field,7,greedy,0.71
full_field,7,static,0.73
full_field,7,mi_rank,0.735
full_field,7,random_auth0,0.705
full_field,8,greedy,0.775
full_field,8,static,0.645
full_field,8,mi_rank,0.7
full_field,8,random_auth0,0.64
full_field,9,greedy,0.76
full_field,9,static,0.69
full_field,9,mi_rank,0.7
full_field,9,random_auth0,0.73
full_field,10,greedy,0.7
full_field,10,static,0.78
full_field,10,mi_rank,0.705
full_field,10,random_auth0,0.695
full_field,11,greedy,0.745
full_field,11,static,0.73
full_field,11,mi_rank,0.74
full_field,11,random_auth0,0.685
full_field,12,greedy,0.715
full_field,12,static,0.7
full_field,12,mi_rank,0.725
full_field,12,random_auth0,0.695
full_field,13,greedy,0.69
full_field,13,static,0.74
full_field,13,mi_rank,0.66
full_field,13,random_auth0,0.7
full_field,14,greedy,0.675
full_field,14,static,0.74
full_field,14,mi_rank,0.715
full_field,14,random_auth0,0.72
full_field,15,greedy,0.7
full_field,15,static,0.75
full_field,15,mi_rank,0.71
full_field,15,random_auth0,0.705
full_field,16,greedy,0.73
full_field,16,static,0.69
full_field,16,mi_rank,0.71
full_field,16,random_auth0,0.655
full_field,17,greedy,0.735
full_field,17,static,0.705
full_field,17,mi_rank,0.67
full_field,17,random_auth0,0.745
full_field,18,greedy,0.705
full_field,18,static,0.7
full_field,18,mi_rank,0.735
full_field,18,random_auth0,0.665
full_field,19,greedy,0.755
full_field,19,static,0.715
full_field,19,mi_rank,0.67
full_field,19,random_auth0,0.755
full_field,20,greedy,0.74
full_field,20,static,0.715
full_field,20,mi_rank,0.67
full_field,20,random_auth0,0.735
full_field,21,greedy,0.735
full_field,21,static,0.71
full_field,21,mi_rank,0.7
full_field,21,random_auth0,0.73
full_field,22,greedy,0.695
full_field,22,static,0.76
full_field,22,mi_rank,0.73
full_field,22,random_auth0,0.73
full_field,23,greedy,0.705
full_field,23,static,0.715
full_field,23,mi_rank,0.77
full_field,23,random_auth0,0.765
full_field,24,greedy,0.67
full_field,24,static,0.74
full_field,24,mi_rank,0.745
full_field,24,random_auth0,0.665
full_field,25,greedy,0.71
full_field,25,static,0.69
full_field,25,mi_rank,0.685
full_field,25,random_auth0,0.71
full_field,26,greedy,0.73
full_field,26,static,0.725
full_field,26,mi_rank,0.73
full_field,26,random_auth0,0.695
full_field,27,greedy,0.76
full_field,27,static,0.72
full_field,27,mi_rank,0.725
full_field,27,random_auth0,0.745
full_field,28,greedy,0.68
full_field,28,static,0.715
full_field,28,mi_rank,0.74
full_field,28,random_auth0,0.7
full_field,29,greedy,0.715
full_field,29,static,0.655
full_field,29,mi_rank,0.715
full_field,29,random_auth0,0.685
full_field,30,greedy,0.67
full_field,30,static,0.745
full_field,30,mi_rank,0.705
full_field,30,random_auth0,0.775
full_field,31,greedy,0.76
full_field,31,static,0.67
full_field,31,mi_rank,0.68
full_field,31,random_auth0,0.675
full_field,32,greedy,0.72
full_field,32,static,0.76
full_field,32,mi_rank,0.74
full_field,32,random_auth0,0.675
full_field,33,greedy,0.735
full_field,33,static,0.775
full_field,33,mi_rank,0.715
full_field,33,random_auth0,0.73
full_field,34,greedy,0.695
full_field,34,static,0.705
full_field,34,mi_rank,0.705
full_field,34,random_auth0,0.725
full_field,35,greedy,0.705
full_field,35,static,0.73
full_field,35,mi_rank,0.75
full_field,35,random_auth0,0.73
full_field,36,greedy,0.73
full_field,36,static,0.78
full_field,36,mi_rank,0.75
full_field,36,random_auth0,0.65
full_field,37,greedy,0.71
full_field,37,static,0.74
full_field,37,mi_rank,0.72
full_field,37,random_auth0,0.78
full_field,38,greedy,0.735
full_field,38,static,0.77
full_field,38,mi_rank,0.71
full_field,38,random_auth0,0.665
full_field,39,greedy,0.66
full_field,39,static,0.74
full_field,39,mi_rank,0.735
full_field,39,random_auth0,0.72
full_field,40,greedy,0.655
full_field,40,static,0.705
full_field,40,mi_rank,0.705
full_field,40,random_auth0,0.72
full_field,41,greedy,0.665
full_field,41,static,0.71
full_field,41,mi_rank,0.71
full_field,41,random_auth0,0.715
full_field,42,greedy,0.755
full_field,42,static,0.685
full_field,42,mi_rank,0.73
full_field,42,random_auth0,0.645
full_field,43,greedy,0.725
full_field,43,static,0.65
full_field,43,mi_rank,0.7
full_field,43,random_auth0,0.7
full_field,44,greedy,0.74
full_field,44,static,0.755
full_field,44,mi_rank,0.735
full_field,44,random_auth0,0.705
full_field,45,greedy,0.74
full_field,45,static,0.69
full_field,45,mi_rank,0.68
full_field,45,random_auth0,0.75
full_field,46,greedy,0.675
full_field,46,static,0.7
full_field,46,mi_rank,0.715
full_field,46,random_auth0,0.69
full_field,47,greedy,0.765
full_field,47,static,0.745
full_field,47,mi_rank,0.675
full_field,47,random_auth0,0.72
full_field,48,greedy,0.7
full_field,48,static,0.67
full_field,48,mi_rank,0.715
full_field,48,random_auth0,0.705
full_field,49,greedy,0.745
full_field,49,static,0.72
full_field,49,mi_rank,0.705
full_field,49,random_auth0,0.675
full_field,50,greedy,0.79
full_field,50,static,0.735
full_field,50,mi_rank,0.71
full_field,50,random_auth0,0.69
full_field,51,greedy,0.675
full_field,51,static,0.745
full_field,51,mi_rank,0.735
full_field,51,random_auth0,0.74
full_field,52,greedy,0.72
full_field,52,static,0.74
full_field,52,mi_rank,0.695
full_field,52,random_auth0,0.705
full_field,53,greedy,0.695
full_field,53,static,0.695
full_field,53,mi_rank,0.69
full_field,53,random_auth0,0.68
full_field,54,greedy,0.725
full_field,54,static,0.785
full_field,54,mi_rank,0.715
full_field,54,random_auth0,0.735
full_field,55,greedy,0.705
full_field,55,static,0.74
full_field,55,mi_rank,0.69
full_field,55,random_auth0,0.75
full_field,56,greedy,0.75
full_field,56,static,0.745
full_field,56,mi_rank,0.72
full_field,56,random_auth0,0.675
full_field,57,greedy,0.785
full_field,57,static,0.725
full_field,57,mi_rank,0.72
full_field,57,random_auth0,0.715
full_field,58,greedy,0.72
full_field,58,static,0.73
full_field,58,mi_rank,0.675
full_field,58,random_auth0,0.665
full_field,59,greedy,0.74
full_field,59,static,0.72
full_field,59,mi_rank,0.75
full_field,59,random_auth0,0.71
full_field,60,greedy,0.74
full_field,60,static,0.66
full_field,60,mi_rank,0.735
full_field,60,random_auth0,0.68
full_field,61,greedy,0.695
full_field,61,static,0.75
full_field,61,mi_rank,0.71
full_field,61,random_auth0,0.7
full_field,62,greedy,0.78
full_field,62,static,0.695
full_field,62,mi_rank,0.69
full_field,62,random_auth0,0.735
full_field,63,greedy,0.76
full_field,63,static,0.735
full_field,63,mi_rank,0.735
full_field,63,random_auth0,0.695
full_field,64,greedy,0.78
full_field,64,static,0.685
full_field,64,mi_rank,0.74
full_field,64,random_auth0,0.69
full_field,65,greedy,0.725
full_field,65,static,0.695
full_field,65,mi_rank,0.68
full_field,65,random_auth0,0.72
full_field,66,greedy,0.64
full_field,66,static,0.72
full_field,66,mi_rank,0.675
full_field,66,random_auth0,0.75
full_field,67,greedy,0.745
full_field,67,static,0.685
full_field,67,mi_rank,0.755
full_field,67,random_auth0,0.655
full_field,68,greedy,0.725
full_field,68,static,0.695
full_field,68,mi_rank,0.73
full_field,68,random_auth0,0.7
full_field,69,greedy,0.735
full_field,69,static,0.735
full_field,69,mi_rank,0.72
full_field,69,random_auth0,0.7
full_field,70,greedy,0.67
full_field,70,static,0.705
full_field,70,mi_rank,0.705
full_field,70,random_auth0,0.8
full_field,71,greedy,0.73
full_field,71,static,0.715
full_field,71,mi_rank,0.68
full_field,71,random_auth0,0.73
full_field,72,greedy,0.69
full_field,72,static,0.76
full_field,72,mi_rank,0.735
full_field,72,random_auth0,0.735
full_field,73,greedy,0.715
full_field,73,static,0.68
full_field,73,mi_rank,0.755
full_field,73,random_auth0,0.675
full_field,74,greedy,0.715
full_field,74,static,0.735
full_field,74,mi_rank,0.745
full_field,74,random_auth0,0.73
full_field,75,greedy,0.715
full_field,75,static,0.685
full_field,75,mi_rank,0.75
full_field,75,random_auth0,0.71
full_field,76,greedy,0.695
full_field,76,static,0.76
full_field,76,mi_rank,0.75
full_field,76,random_auth0,0.695
full_field,77,greedy,0.71
full_field,77,static,0.705
full_field,77,mi_rank,0.695
full_field,77,random_auth0,0.685
full_field,78,greedy,0.71
full_field,78,static,0.72
full_field,78,mi_rank,0.685
full_field,78,random_auth0,0.705
full_field,79,greedy,0.735
full_field,79,static,0.725
full_field,79,mi_rank,0.72
full_field,79,random_auth0,0.675
full_field,80,greedy,0.735
full_field,80,static,0.73
full_field,80,mi_rank,0.74
full_field,80,random_auth0,0.705
full_field,81,greedy,0.75
full_field,81,static,0.685
full_field,81,mi_rank,0.705
full_field,81,random_auth0,0.685
full_field,82,greedy,0.71
full_field,82,static,0.65
full_field,82,mi_rank,0.695
full_field,82,random_auth0,0.68
full_field,83,greedy,0.68
full_field,83,static,0.74
full_field,83,mi_rank,0.74
full_field,83,random_auth0,0.735
full_field,84,greedy,0.705
full_field,84,static,0.72
full_field,84,mi_rank,0.74
full_field,84,random_auth0,0.685
full_field,85,greedy,0.73
full_field,85,static,0.695
full_field,85,mi_rank,0.76
full_field,85,random_auth0,0.72
full_field,86,greedy,0.685
full_field,86,static,0.7
full_field,86,mi_rank,0.685
full_field,86,random_auth0,0.72
full_field,87,greedy,0.755
full_field,87,static,0.73
full_field,87,mi_rank,0.78
full_field,87,random_auth0,0.665
full_field,88,greedy,0.71
full_field,88,static,0.7
full_field,88,mi_rank,0.74
full_field,88,random_auth0,0.73
full_field,89,greedy,0.755
full_field,89,static,0.75
full_field,89,mi_rank,0.71
full_field,89,random_auth0,0.73
full_field,90,greedy,0.635
full_field,90,static,0.705
full_field,90,mi_rank,0.735
full_field,90,random_auth0,0.735
full_field,91,greedy,0.735
full_field,91,static,0.73
full_field,91,mi_rank,0.74
full_field,91,random_auth0,0.75
full_field,92,greedy,0.72
full_field,92,static,0.725
full_field,92,mi_rank,0.69
full_field,92,random_auth0,0.715
full_field,93,greedy,0.705
full_field,93,static,0.665
full_field,93,mi_rank,0.665
full_field,93,random_auth0,0.705
full_field,94,greedy,0.75
full_field,94,static,0.67
full_field,94,mi_rank,0.74
full_field,94,random_auth0,0.705
full_field,95,greedy,0.72
full_field,95,static,0.73
full_field,95,mi_rank,0.73
full_field,95,random_auth0,0.71
full_field,96,greedy,0.745
full_field,96,static,0.65
full_field,96,mi_rank,0.685
full_field,96,random_auth0,0.725
full_field,97,greedy,0.7
full_field,97,static,0.73
full_field,97,mi_rank,0.71
full_field,97,random_auth0,0.705
full_field,98,greedy,0.765
full_field,98,static,0.71
full_field,98,mi_rank,0.725
full_field,98,random_auth0,0.75
full_field,99,greedy,0.745
full_field,99,static,0.685
full_field,99,mi_rank,0.69
full_field,99,random_auth0,0.755
full_field,100,greedy,0.745
full_field,100,static,0.72
full_field,100,mi_rank,0.71
full_field,100,random_auth0,0.72
full_field,101,greedy,0.735
full_field,101,static,0.68
full_field,101,mi_rank,0.745
full_field,101,random_auth0,0.745
full_field,102,greedy,0.705
full_field,102,static,0.675
full_field,102,mi_rank,0.685
full_field,102,random_auth0,0.72
full_field,103,greedy,0.72
full_field,103,static,0.725
full_field,103,mi_rank,0.715
full_field,103,random_auth0,0.77
full_field,104,greedy,0.775
full_field,104,static,0.705
full_field,104,mi_rank,0.725
full_field,104,random_auth0,0.695
full_field,105,greedy,0.71
full_field,105,static,0.775
full_field,105,mi_rank,0.775
full_field,105,random_auth0,0.755
full_field,106,greedy,0.72
full_field,106,static,0.72
full_field,106,mi_rank,0.74
full_field,106,random_auth0,0.76
full_field,107,greedy,0.735
full_field,107,static,0.725
full_field,107,mi_rank,0.72
full_field,107,random_auth0,0.7
full_field,108,greedy,0.67
full_field,108,static,0.725
full_field,108,mi_rank,0.755
full_field,108,random_auth0,0.685
full_field,109,greedy,0.67
full_field,109,static,0.71
full_field,109,mi_rank,0.72
full_field,109,random_auth0,0.715
full_field,110,greedy,0.66
full_field,110,static,0.74
full_field,110,mi_rank,0.76
full_field,110,random_auth0,0.755
full_field,111,greedy,0.68
full_field,111,static,0.71
full_field,111,mi_rank,0.69
full_field,111,random_auth0,0.725
full_field,112,greedy,0.7
full_field,112,static,0.68
full_field,112,mi_rank,0.725
full_field,112,random_auth0,0.7
full_field,113,greedy,0.71
full_field,113,static,0.74
full_field,113,mi_rank,0.78
full_field,113,random_auth0,0.73
full_field,114,greedy,0.72
full_field,114,static,0.685
full_field,114,mi_rank,0.695
full_field,114,random_auth0,0.655
full_field,115,greedy,0.73
full_field,115,static,0.745
full_field,115,mi_rank,0.8
full_field,115,random_auth0,0.685
full_field,116,greedy,0.725
full_field,116,static,0.74
full_field,116,mi_rank,0.755
full_field,116,random_auth0,0.725
full_field,117,greedy,0.67
full_field,117,static,0.7
full_field,117,mi_rank,0.69
full_field,117,random_auth0,0.74
full_field,118,greedy,0.735
full_field,118,static,0.745
full_field,118,mi_rank,0.705
full_field,118,random_auth0,0.715
full_field,119,greedy,0.77
full_field,119,static,0.71
full_field,119,mi_rank,0.76
full_field,119,random_auth0,0.715
full_field,120,greedy,0.76
full_field,120,static,0.695
full_field,120,mi_rank,0.705
full_field,120,random_auth0,0.69
full_field,121,greedy,0.69
full_field,121,static,0.735
full_field,121,mi_rank,0.725
full_field,121,random_auth0,0.695
full_field,122,greedy,0.69
full_field,122,static,0.735
full_field,122,mi_rank,0.735
full_field,122,random_auth0,0.7
full_field,123,greedy,0.695
full_field,123,static,0.695
full_field,123,mi_rank,0.69
full_field,123,random_auth0,0.705
full_field,124,greedy,0.74
full_field,124,static,0.695
full_field,124,mi_rank,0.7
full_field,124,random_auth0,0.67
full_field,125,greedy,0.695
full_field,125,static,0.68
full_field,125,mi_rank,0.705
full_field,125,random_auth0,0.69
full_field,126,greedy,0.74
full_field,126,static,0.73
full_field,126,mi_rank,0.74
full_field,126,random_auth0,0.73
full_field,127,greedy,0.71
full_field,127,static,0.73
full_field,127,mi_rank,0.715
full_field,127,random_auth0,0.71
full_field,128,greedy,0.765
full_field,128,static,0.735
full_field,128,mi_rank,0.74
full_field,128,random_auth0,0.715
full_field,129,greedy,0.775
full_field,129,static,0.71
full_field,129,mi_rank,0.7
full_field,129,random_auth0,0.665
full_field,130,greedy,0.745
full_field,130,static,0.745
full_field,130,mi_rank,0.72
full_field,130,random_auth0,0.69
full_field,131,greedy,0.695
full_field,131,static,0.755
full_field,131,mi_rank,0.715
full_field,131,random_auth0,0.7
full_field,132,greedy,0.63
full_field,132,static,0.725
full_field,132,mi_rank,0.745
full_field,132,random_auth0,0.69
full_field,133,greedy,0.76
full_field,133,static,0.735
full_field,133,mi_rank,0.73
full_field,133,random_auth0,0.75
full_field,134,greedy,0.745
full_field,134,static,0.66
full_field,134,mi_rank,0.72
full_field,134,random_auth0,0.735
full_field,135,greedy,0.74
full_field,135,static,0.685
full_field,135,mi_rank,0.73
full_field,135,random_auth0,0.74
full_field,136,greedy,0.67
full_field,136,static,0.705
full_field,136,mi_rank,0.795
full_field,136,random_auth0,0.64
full_field,137,greedy,0.725
full_field,137,static,0.675
full_field,137,mi_rank,0.685
full_field,137,random_auth0,0.715
full_field,138,greedy,0.755
full_field,138,static,0.71
full_field,138,mi_rank,0.665
full_field,138,random_auth0,0.745
full_field,139,greedy,0.69
full_field,139,static,0.69
full_field,139,mi_rank,0.73
full_field,139,random_auth0,0.68
full_field,140,greedy,0.72
full_field,140,static,0.695
full_field,140,mi_rank,0.685
full_field,140,random_auth0,0.705
full_field,141,greedy,0.76
full_field,141,static,0.73
full_field,141,mi_rank,0.745
full_field,141,random_auth0,0.71
full_field,142,greedy,0.75
full_field,142,static,0.68
full_field,142,mi_rank,0.715
full_field,142,random_auth0,0.73
full_field,143,greedy,0.66
full_field,143,static,0.705
full_field,143,mi_rank,0.73
full_field,143,random_auth0,0.7
full_field,144,greedy,0.735
full_field,144,static,0.64
full_field,144,mi_rank,0.665
full_field,144,random_auth0,0.705
full_field,145,greedy,0.74
full_field,145,static,0.75
full_field,145,mi_rank,0.78
full_field,145,random_auth0,0.72
full_field,146,greedy,0.715
full_field,146,static,0.71
full_field,146,mi_rank,0.71
full_field,146,random_auth0,0.725
full_field,147,greedy,0.725
full_field,147,static,0.73
full_field,147,mi_rank,0.71
full_field,147,random_auth0,0.745
full_field,148,greedy,0.72
full_field,148,static,0.735
full_field,148,mi_rank,0.64
full_field,148,random_auth0,0.695
full_field,149,greedy,0.755
full_field,149,static,0.79
full_field,149,mi_rank,0.735
full_field,149,random_auth0,0.745
full_field,150,greedy,0.715
full_field,150,static,0.705
full_field,150,mi_rank,0.715
full_field,150,random_auth0,0.67
full_field,151,greedy,0.66
full_field,151,static,0.725
full_field,151,mi_rank,0.695
full_field,151,random_auth0,0.675
full_field,152,greedy,0.705
full_field,152,static,0.675
full_field,152,mi_rank,0.71
full_field,152,random_auth0,0.685
full_field,153,greedy,0.685
full_field,153,static,0.72
full_field,153,mi_rank,0.705
full_field,153,random_auth0,0.74
full_field,154,greedy,0.74
full_field,154,static,0.69
full_field,154,mi_rank,0.705
full_field,154,random_auth0,0.73
full_field,155,greedy,0.74
full_field,155,static,0.7
full_field,155,mi_rank,0.695
full_field,155,random_auth0,0.78
full_field,156,greedy,0.75
full_field,156,static,0.69
full_field,156,mi_rank,0.755
full_field,156,random_auth0,0.74
full_field,157,greedy,0.675
full_field,157,static,0.755
full_field,157,mi_rank,0.705
full_field,157,random_auth0,0.715
full_field,158,greedy,0.74
full_field,158,static,0.725
full_field,158,mi_rank,0.71
full_field,158,random_auth0,0.72
full_field,159,greedy,0.7
full_field,159,static,0.72
full_field,159,mi_rank,0.755
full_field,159,random_auth0,0.725
full_field,160,greedy,0.78
full_field,160,static,0.745
full_field,160,mi_rank,0.75
full_field,160,random_auth0,0.73
full_field,161,greedy,0.74
full_field,161,static,0.715
full_field,161,mi_rank,0.72
full_field,161,random_auth0,0.72
full_field,162,greedy,0.68
full_field,162,static,0.785
full_field,162,mi_rank,0.73
full_field,162,random_auth0,0.7
full_field,163,greedy,0.775
full_field,163,static,0.69
full_field,163,mi_rank,0.755
full_field,163,random_auth0,0.695
full_field,164,greedy,0.74
full_field,164,static,0.74
full_field,164,mi_rank,0.665
full_field,164,random_auth0,0.7
full_field,165,greedy,0.775
full_field,165,static,0.74
full_field,165,mi_rank,0.775
full_field,165,random_auth0,0.775
full_field,166,greedy,0.68
full_field,166,static,0.665
full_field,166,mi_rank,0.66
full_field,166,random_auth0,0.705
full_field,167,greedy,0.75
full_field,167,static,0.73
full_field,167,mi_rank,0.735
full_field,167,random_auth0,0.69
full_field,168,greedy,0.73
full_field,168,static,0.725
full_field,168,mi_rank,0.725
full_field,168,random_auth0,0.75
full_field,169,greedy,0.75
full_field,169,static,0.73
full_field,169,mi_rank,0.695
full_field,169,random_auth0,0.685
full_field,170,greedy,0.745
full_field,170,static,0.68
full_field,170,mi_rank,0.73
full_field,170,random_auth0,0.74
full_field,171,greedy,0.75
full_field,171,static,0.73
full_field,171,mi_rank,0.69
full_field,171,random_auth0,0.685
full_field,172,greedy,0.67
full_field,172,static,0.695
full_field,172,mi_rank,0.71
full_field,172,random_auth0,0.67
full_field,173,greedy,0.74
full_field,173,static,0.65
full_field,173,mi_rank,0.73
full_field,173,random_auth0,0.705
full_field,174,greedy,0.685
full_field,174,static,0.725
full_field,174,mi_rank,0.685
full_field,174,random_auth0,0.705
full_field,175,greedy,0.735
full_field,175,static,0.75
full_field,175,mi_rank,0.795
full_field,175,random_auth0,0.735
full_field,176,greedy,0.72
full_field,176,static,0.655
full_field,176,mi_rank,0.74
full_field,176,random_auth0,0.735
full_field,177,greedy,0.71
full_field,177,static,0.7
full_field,177,mi_rank,0.7
full_field,177,random_auth0,0.715
full_field,178,greedy,0.67
full_field,178,static,0.66
full_field,178,mi_rank,0.71
full_field,178,random_auth0,0.685
full_field,179,greedy,0.7
full_field,179,static,0.745
full_field,179,mi_rank,0.725
full_field,179,random_auth0,0.69
full_field,180,greedy,0.745
full_field,180,static,0.75
full_field,180,mi_rank,0.71
full_field,180,random_auth0,0.66
full_field,181,greedy,0.71
full_field,181,static,0.69
full_field,181,mi_rank,0.745
full_field,181,random_auth0,0.695
full_field,182,greedy,0.735
full_field,182,static,0.695
full_field,182,mi_rank,0.785
full_field,182,random_auth0,0.72
full_field,183,greedy,0.71
full_field,183,static,0.715
full_field,183,mi_rank,0.72
full_field,183,random_auth0,0.725
full_field,184,greedy,0.72
full_field,184,static,0.695
full_field,184,mi_rank,0.67
full_field,184,random_auth0,0.705
full_field,185,greedy,0.76
full_field,185,static,0.77
full_field,185,mi_rank,0.755
full_field,185,random_auth0,0.695
full_field,186,greedy,0.68
full_field,186,static,0.735
full_field,186,mi_rank,0.72
full_field,186,random_auth0,0.69
full_field,187,greedy,0.73
full_field,187,static,0.71
full_field,187,mi_rank,0.765
full_field,187,random_auth0,0.715
full_field,188,greedy,0.755
full_field,188,static,0.715
full_field,188,mi_rank,0.77
full_field,188,random_auth0,0.69
full_field,189,greedy,0.68
full_field,189,static,0.695
full_field,189,mi_rank,0.695
full_field,189,random_auth0,0.73
full_field,190,greedy,0.74
full_field,190,static,0.75
full_field,190,mi_rank,0.69
full_field,190,random_auth0,0.675
full_field,191,greedy,0.735
full_field,191,static,0.695
full_field,191,mi_rank,0.69
full_field,191,random_auth0,0.68
full_field,192,greedy,0.76
full_field,192,static,0.75
full_field,192,mi_rank,0.665
full_field,192,random_auth0,0.665
full_field,193,greedy,0.735
full_field,193,static,0.715
full_field,193,mi_rank,0.755
full_field,193,random_auth0,0.68
full_field,194,greedy,0.735
full_field,194,static,0.76
full_field,194,mi_rank,0.715
full_field,194,random_auth0,0.735
full_field,195,greedy,0.745
full_field,195,static,0.74
full_field,195,mi_rank,0.685
full_field,195,random_auth0,0.695
full_field,196,greedy,0.74
full_field,196,static,0.73
full_field,196,mi_rank,0.685
full_field,196,random_auth0,0.67
full_field,197,greedy,0.685
full_field,197,static,0.735
full_field,197,mi_rank,0.68
full_field,197,random_auth0,0.685
full_field,198,greedy,0.665
full_field,198,static,0.69
full_field,198,mi_rank,0.67
full_field,198,random_auth0,0.75
full_field,199,greedy,0.7
full_field,199,static,0.73
full_field,199,mi_rank,0.705
full_field,199,random_auth0,0.79
full_field,200,greedy,0.67
full_field,200,static,0.695
full_field,200,mi_rank,0.72
full_field,200,random_auth0,0.74
full_field,201,greedy,0.73
full_field,201,static,0.71
full_field,201,mi_rank,0.735
full_field,201,random_auth0,0.655
full_field,202,greedy,0.76
full_field,202,static,0.7
full_field,202,mi_rank,0.715
full_field,202,random_auth0,0.735
full_field,203,greedy,0.715
full_field,203,static,0.67
full_field,203,mi_rank,0.72
full_field,203,random_auth0,0.73
full_field,204,greedy,0.72
full_field,204,static,0.735
full_field,204,mi_rank,0.725
full_field,204,random_auth0,0.685
full_field,205,greedy,0.725
full_field,205,static,0.675
full_field,205,mi_rank,0.725
full_field,205,random_auth0,0.675
full_field,206,greedy,0.67
full_field,206,static,0.715
full_field,206,mi_rank,0.72
full_field,206,random_auth0,0.725
full_field,207,greedy,0.785
full_field,207,static,0.775
full_field,207,mi_rank,0.735
full_field,207,random_auth0,0.715
full_field,208,greedy,0.73
full_field,208,static,0.685
full_field,208,mi_rank,0.74
full_field,208,random_auth0,0.77
full_field,209,greedy,0.775
full_field,209,static,0.745
full_field,209,mi_rank,0.71
full_field,209,random_auth0,0.72
full_field,210,greedy,0.73
full_field,210,static,0.715
full_field,210,mi_rank,0.715
full_field,210,random_auth0,0.765
full_field,211,greedy,0.71
full_field,211,static,0.705
full_field,211,mi_rank,0.735
full_field,211,random_auth0,0.7
full_field,212,greedy,0.715
full_field,212,static,0.705
full_field,212,mi_rank,0.755
full_field,212,random_auth0,0.7
full_field,213,greedy,0.725
full_field,213,static,0.66
full_field,213,mi_rank,0.715
full_field,213,random_auth0,0.675
full_field,214,greedy,0.75
full_field,214,static,0.73
full_field,214,mi_rank,0.72
full_field,214,random_auth0,0.7
full_field,215,greedy,0.71
full_field,215,static,0.715
full_field,215,mi_rank,0.72
full_field,215,random_auth0,0.675
full_field,216,greedy,0.68
full_field,216,static,0.74
full_field,216,mi_rank,0.71
full_field,216,random_auth0,0.745
full_field,217,greedy,0.75
full_field,217,static,0.695
full_field,217,mi_rank,0.69
full_field,217,random_auth0,0.735
full_field,218,greedy,0.715
full_field,218,static,0.685
full_field,218,mi_rank,0.73
full_field,218,random_auth0,0.705
full_field,219,greedy,0.715
full_field,219,static,0.725
full_field,219,mi_rank,0.73
full_field,219,random_auth0,0.715
full_field,220,greedy,0.675
full_field,220,static,0.74
full_field,220,mi_rank,0.73
full_field,220,random_auth0,0.66
full_field,221,greedy,0.74
full_field,221,static,0.705
full_field,221,mi_rank,0.725
full_field,221,random_auth0,0.675
full_field,222,greedy,0.7
full_field,222,static,0.725
full_field,222,mi_rank,0.74
full_field,222,random_auth0,0.78
full_field,223,greedy,0.715
full_field,223,static,0.81
full_field,223,mi_rank,0.765
full_field,223,random_auth0,0.655
full_field,224,greedy,0.755
full_field,224,static,0.685
full_field,224,mi_rank,0.735
full_field,224,random_auth0,0.69
full_field,225,greedy,0.77
full_field,225,static,0.67
full_field,225,mi_rank,0.71
full_field,225,random_auth0,0.635
full_field,226,greedy,0.725
full_field,226,static,0.705
full_field,226,mi_rank,0.74
full_field,226,random_auth0,0.73
full_field,227,greedy,0.74
full_field,227,static,0.73
full_field,227,mi_rank,0.685
full_field,227,random_auth0,0.77
full_field,228,greedy,0.71
full_field,228,static,0.715
full_field,228,mi_rank,0.69
full_field,228,random_auth0,0.755
full_field,229,greedy,0.71
full_field,229,static,0.73
full_field,229,mi_rank,0.725
full_field,229,random_auth0,0.655
full_field,230,greedy,0.73
full_field,230,static,0.76
full_field,230,mi_rank,0.735
full_field,230,random_auth0,0.735
full_field,231,greedy,0.72
full_field,231,static,0.68
full_field,231,mi_rank,0.73
full_field,231,random_auth0,0.665
full_field,232,greedy,0.69
full_field,232,static,0.76
full_field,232,mi_rank,0.705
full_field,232,random_auth0,0.74
full_field,233,greedy,0.725
full_field,233,static,0.71
full_field,233,mi_rank,0.775
full_field,233,random_auth0,0.68
full_field,234,greedy,0.725
full_field,234,static,0.72
full_field,234,mi_rank,0.785
full_field,234,random_auth0,0.675
full_field,235,greedy,0.765
full_field,235,static,0.715
full_field,235,mi_rank,0.7
full_field,235,random_auth0,0.73
full_field,236,greedy,0.7
full_field,236,static,0.725
full_field,236,mi_rank,0.75
full_field,236,random_auth0,0.68
full_field,237,greedy,0.735
full_field,237,static,0.75
full_field,237,mi_rank,0.76
full_field,237,random_auth0,0.69
full_field,238,greedy,0.715
full_field,238,static,0.745
full_field,238,mi_rank,0.745
full_field,238,random_auth0,0.685
full_field,239,greedy,0.715
full_field,239,static,0.695
full_field,239,mi_rank,0.67
full_field,239,random_auth0,0.755
full_field,240,greedy,0.725
full_field,240,static,0.74
full_field,240,mi_rank,0.77
full_field,240,random_auth0,0.72
full_field,241,greedy,0.7
full_field,241,static,0.71
full_field,241,mi_rank,0.71
full_field,241,random_auth0,0.69
full_field,242,greedy,0.685
full_field,242,static,0.765
full_field,242,mi_rank,0.74
full_field,242,random_auth0,0.735
full_field,243,greedy,0.76
full_field,243,static,0.77
full_field,243,mi_rank,0.69
full_field,243,random_auth0,0.665
full_field,244,greedy,0.665
full_field,244,static,0.735
full_field,244,mi_rank,0.715
full_field,244,random_auth0,0.695
full_field,245,greedy,0.725
full_field,245,static,0.73
full_field,245,mi_rank,0.69
full_field,245,random_auth0,0.76
full_field,246,greedy,0.765
full_field,246,static,0.745
full_field,246,mi_rank,0.68
full_field,246,random_auth0,0.705
full_field,247,greedy,0.75
full_field,247,static,0.705
full_field,247,mi_rank,0.695
full_field,247,random_auth0,0.705
full_field,248,greedy,0.72
full_field,248,static,0.695
full_field,248,mi_rank,0.7
full_field,248,random_auth0,0.705
full_field,249,greedy,0.735
full_field,249,static,0.74
full_field,249,mi_rank,0.735
full_field,249,random_auth0,0.68
full_field,250,greedy,0.7
full_field,250,static,0.665
full_field,250,mi_rank,0.715
full_field,250,random_auth0,0.745
full_field,251,greedy,0.75
full_field,251,static,0.73
full_field,251,mi_rank,0.725
full_field,251,random_auth0,0.74
full_field,252,greedy,0.77
full_field,252,static,0.71
full_field,252,mi_rank,0.705
full_field,252,random_auth0,0.685
full_field,253,greedy,0.69
full_field,253,static,0.675
full_field,253,mi_rank,0.705
full_field,253,random_auth0,0.74
full_field,254,greedy,0.74
full_field,254,static,0.7
full_field,254,mi_rank,0.68
full_field,254,random_auth0,0.705
full_field,255,greedy,0.73
full_field,255,static,0.745
full_field,255,mi_rank,0.745
full_field,255,random_auth0,0.715
full_field,256,greedy,0.675
full_field,256,static,0.665
full_field,256,mi_rank,0.715
full_field,256,random_auth0,0.715
full_field,257,greedy,0.71
full_field,257,static,0.705
full_field,257,mi_rank,0.725
full_field,257,random_auth0,0.755
full_field,258,greedy,0.725
full_field,258,static,0.74
full_field,258,mi_rank,0.75
full_field,258,random_auth0,0.73
full_field,259,greedy,0.745
full_field,259,static,0.76
full_field,259,mi_rank,0.76
full_field,259,random_auth0,0.72
full_field,260,greedy,0.745
full_field,260,static,0.74
full_field,260,mi_rank,0.73
full_field,260,random_auth0,0.715
full_field,261,greedy,0.72
full_field,261,static,0.765
full_field,261,mi_rank,0.725
full_field,261,random_auth0,0.715
full_field,262,greedy,0.715
full_field,262,static,0.7
full_field,262,mi_rank,0.76
full_field,262,random_auth0,0.745
full_field,263,greedy,0.76
full_field,263,static,0.695
full_field,263,mi_rank,0.76
full_field,263,random_auth0,0.67
full_field,264,greedy,0.77
full_field,264,static,0.715
full_field,264,mi_rank,0.705
full_field,264,random_auth0,0.735
full_field,265,greedy,0.635
full_field,265,static,0.695
full_field,265,mi_rank,0.72
full_field,265,random_auth0,0.735
full_field,266,greedy,0.785
full_field,266,static,0.72
full_field,266,mi_rank,0.69
full_field,266,random_auth0,0.71
full_field,267,greedy,0.73
full_field,267,static,0.695
full_field,267,mi_rank,0.725
full_field,267,random_auth0,0.74
full_field,268,greedy,0.705
full_field,268,static,0.685
full_field,268,mi_rank,0.74
full_field,268,random_auth0,0.71
full_field,269,greedy,0.73
full_field,269,static,0.755
full_field,269,mi_rank,0.745
full_field,269,random_auth0,0.685
full_field,270,greedy,0.71
full_field,270,static,0.735
full_field,270,mi_rank,0.74
full_field,270,random_auth0,0.745
full_field,271,greedy,0.755
full_field,271,static,0.695
full_field,271,mi_rank,0.74
full_field,271,random_auth0,0.705
full_field,272,greedy,0.705
full_field,272,static,0.74
full_field,272,mi_rank,0.77
full_field,272,random_auth0,0.67
full_field,273,greedy,0.755
full_field,273,static,0.725
full_field,273,mi_rank,0.7
full_field,273,random_auth0,0.695
full_field,274,greedy,0.715
full_field,274,static,0.73
full_field,274,mi_rank,0.705
full_field,274,random_auth0,0.73
full_field,275,greedy,0.72
full_field,275,static,0.72
full_field,275,mi_rank,0.72
full_field,275,random_auth0,0.73
full_field,276,greedy,0.71
full_field,276,static,0.735
full_field,276,mi_rank,0.765
full_field,276,random_auth0,0.73
full_field,277,greedy,0.735
full_field,277,static,0.635
full_field,277,mi_rank,0.71
full_field,277,random_auth0,0.75
full_field,278,greedy,0.73
full_field,278,static,0.705
full_field,278,mi_rank,0.715
full_field,278,random_auth0,0.665
full_field,279,greedy,0.725
full_field,279,static,0.74
full_field,279,mi_rank,0.745
full_field,279,random_auth0,0.75
full_field,280,greedy,0.7
full_field,280,static,0.75
full_field,280,mi_rank,0.735
full_field,280,random_auth0,0.67
full_field,281,greedy,0.71
full_field,281,static,0.665
full_field,281,mi_rank,0.72
full_field,281,random_auth0,0.725
full_field,282,greedy,0.77
full_field,282,static,0.73
full_field,282,mi_rank,0.765
full_field,282,random_auth0,0.74
full_field,283,greedy,0.7
full_field,283,static,0.665
full_field,283,mi_rank,0.705
full_field,283,random_auth0,0.72
full_field,284,greedy,0.72
full_field,284,static,0.705
full_field,284,mi_rank,0.69
full_field,284,random_auth0,0.705
full_field,285,greedy,0.69
full_field,285,static,0.76
full_field,285,mi_rank,0.74
full_field,285,random_auth0,0.685
full_field,286,greedy,0.73
full_field,286,static,0.71
full_field,286,mi_rank,0.74
full_field,286,random_auth0,0.71
full_field,287,greedy,0.685
full_field,287,static,0.665
full_field,287,mi_rank,0.7
full_field,287,random_auth0,0.735
full_field,288,greedy,0.755
full_field,288,static,0.7
full_field,288,mi_rank,0.725
full_field,288,random_auth0,0.75
full_field,289,greedy,0.69
full_field,289,static,0.665
full_field,289,mi_rank,0.675
full_field,289,random_auth0,0.735
full_field,290,greedy,0.71
full_field,290,static,0.71
full_field,290,mi_rank,0.71
full_field,290,random_auth0,0.775
full_field,291,greedy,0.72
full_field,291,static,0.65
full_field,291,mi_rank,0.74
full_field,291,random_auth0,0.725
full_field,292,greedy,0.745
full_field,292,static,0.745
full_field,292,mi_rank,0.73
full_field,292,random_auth0,0.75
full_field,293,greedy,0.745
full_field,293,static,0.665
full_field,293,mi_rank,0.7
full_field,293,random_auth0,0.76
full_field,294,greedy,0.715
full_field,294,static,0.695
full_field,294,mi_rank,0.705
full_field,294,random_auth0,0.7
full_field,295,greedy,0.685
full_field,295,static,0.665
full_field,295,mi_rank,0.735
full_field,295,random_auth0,0.655
full_field,296,greedy,0.73
full_field,296,static,0.71
full_field,296,mi_rank,0.79
full_field,296,random_auth0,0.73
full_field,297,greedy,0.735
full_field,297,static,0.735
full_field,297,mi_rank,0.725
full_field,297,random_auth0,0.72
full_field,298,greedy,0.675
full_field,298,static,0.72
full_field,298,mi_rank,0.75
full_field,298,random_auth0,0.62
full_field,299,greedy,0.675
full_field,299,static,0.715
full_field,299,mi_rank,0.72
full_field,299,random_auth0,0.76
full_field,300,greedy,0.73
full_field,300,static,0.725
full_field,300,mi_rank,0.71
full_field,300,random_auth0,0.655
full_field,301,greedy,0.71
full_field,301,static,0.72
full_field,301,mi_rank,0.67
full_field,301,random_auth0,0.685
full_field,302,greedy,0.75
full_field,302,static,0.7
full_field,302,mi_rank,0.69
full_field,302,random_auth0,0.765
full_field,303,greedy,0.74
full_field,303,static,0.645
full_field,303,mi_rank,0.705
full_field,303,random_auth0,0.71
full_field,304,greedy,0.75
full_field,304,static,0.8
full_field,304,mi_rank,0.78
full_field,304,random_auth0,0.76
full_field,305,greedy,0.735
full_field,305,static,0.73
full_field,305,mi_rank,0.715
full_field,305,random_auth0,0.72
full_field,306,greedy,0.71
full_field,306,static,0.745
full_field,306,mi_rank,0.755
full_field,306,random_auth0,0.655
full_field,307,greedy,0.72
full_field,307,static,0.685
full_field,307,mi_rank,0.705
full_field,307,random_auth0,0.76
full_field,308,greedy,0.745
full_field,308,static,0.725
full_field,308,mi_rank,0.745
full_field,308,random_auth0,0.75
full_field,309,greedy,0.75
full_field,309,static,0.665
full_field,309,mi_rank,0.71
full_field,309,random_auth0,0.725
full_field,310,greedy,0.72
full_field,310,static,0.75
full_field,310,mi_rank,0.735
full_field,310,random_auth0,0.71
full_field,311,greedy,0.695
full_field,311,static,0.72
full_field,311,mi_rank,0.725
full_field,311,random_auth0,0.695
full_field,312,greedy,0.715
full_field,312,static,0.75
full_field,312,mi_rank,0.71
full_field,312,random_auth0,0.69
full_field,313,greedy,0.755
full_field,313,static,0.685
full_field,313,mi_rank,0.73
full_field,313,random_auth0,0.7
full_field,314,greedy,0.715
full_field,314,static,0.715
full_field,314,mi_rank,0.745
full_field,314,random_auth0,0.655
full_field,315,greedy,0.8
full_field,315,static,0.7
full_field,315,mi_rank,0.675
full_field,315,random_auth0,0.67
full_field,316,greedy,0.705
full_field,316,static,0.67
full_field,316,mi_rank,0.655
full_field,316,random_auth0,0.695
full_field,317,greedy,0.735
full_field,317,static,0.7
full_field,317,mi_rank,0.685
full_field,317,random_auth0,0.745
full_field,318,greedy,0.715
full_field,318,static,0.7
full_field,318,mi_rank,0.73
full_field,318,random_auth0,0.735
full_field,319,greedy,0.745
full_field,319,static,0.72
full_field,319,mi_rank,0.715
full_field,319,random_auth0,0.72
full_field,320,greedy,0.675
full_field,320,static,0.74
full_field,320,mi_rank,0.695
full_field,320,random_auth0,0.665
full_field,321,greedy,0.75
full_field,321,static,0.7
full_field,321,mi_rank,0.695
full_field,321,random_auth0,0.72
full_field,322,greedy,0.695
full_field,322,static,0.705
full_field,322,mi_rank,0.725
full_field,322,random_auth0,0.72
full_field,323,greedy,0.705
full_field,323,static,0.74
full_field,323,mi_rank,0.72
full_field,323,random_auth0,0.705
full_field,324,greedy,0.745
full_field,324,static,0.705
full_field,324,mi_rank,0.7
full_field,324,random_auth0,0.74
full_field,325,greedy,0.73
full_field,325,static,0.705
full_field,325,mi_rank,0.735
full_field,325,random_auth0,0.695
full_field,326,greedy,0.71
full_field,326,static,0.74
full_field,326,mi_rank,0.705
full_field,326,random_auth0,0.72
full_field,327,greedy,0.755
full_field,327,static,0.765
full_field,327,mi_rank,0.7
full_field,327,random_auth0,0.7
full_field,328,greedy,0.755
full_field,328,static,0.705
full_field,328,mi_rank,0.76
full_field,328,random_auth0,0.74
full_field,329,greedy,0.72
full_field,329,static,0.715
full_field,329,mi_rank,0.76
full_field,329,random_auth0,0.715
full_field,330,greedy,0.71
full_field,330,static,0.675
full_field,330,mi_rank,0.655
full_field,330,random_auth0,0.72
full_field,331,greedy,0.74
full_field,331,static,0.75
full_field,331,mi_rank,0.735
full_field,331,random_auth0,0.785
full_field,332,greedy,0.69
full_field,332,static,0.64
full_field,332,mi_rank,0.66
full_field,332,random_auth0,0.72
full_field,333,greedy,0.73
full_field,333,static,0.71
full_field,333,mi_rank,0.75
full_field,333,random_auth0,0.725
full_field,334,greedy,0.71
full_field,334,static,0.685
full_field,334,mi_rank,0.71
full_field,334,random_auth0,0.715
full_field,335,greedy,0.715
full_field,335,static,0.72
full_field,335,mi_rank,0.7
full_field,335,random_auth0,0.73
full_field,336,greedy,0.7
full_field,336,static,0.73
full_field,336,mi_rank,0.755
full_field,336,random_auth0,0.725
full_field,337,greedy,0.715
full_field,337,static,0.69
full_field,337,mi_rank,0.745
full_field,337,random_auth0,0.68
full_field,338,greedy,0.75
full_field,338,static,0.695
full_field,338,mi_rank,0.755
full_field,338,random_auth0,0.7
full_field,339,greedy,0.685
full_field,339,static,0.75
full_field,339,mi_rank,0.685
full_field,339,random_auth0,0.75
full_field,340,greedy,0.78
full_field,340,static,0.695
full_field,340,mi_rank,0.705
full_field,340,random_auth0,0.765
full_field,341,greedy,0.69
full_field,341,static,0.685
full_field,341,mi_rank,0.71
full_field,341,random_auth0,0.685
full_field,342,greedy,0.73
full_field,342,static,0.7
full_field,342,mi_rank,0.735
full_field,342,random_auth0,0.68
full_field,343,greedy,0.72
full_field,343,static,0.73
full_field,343,mi_rank,0.71
full_field,343,random_auth0,0.69
full_field,344,greedy,0.73
full_field,344,static,0.66
full_field,344,mi_rank,0.705
full_field,344,random_auth0,0.7
full_field,345,greedy,0.66
full_field,345,static,0.73
full_field,345,mi_rank,0.725
full_field,345,random_auth0,0.715
full_field,346,greedy,0.705
full_field,346,static,0.725
full_field,346,mi_rank,0.755
full_field,346,random_auth0,0.73
full_field,347,greedy,0.72
full_field,347,static,0.755
full_field,347,mi_rank,0.75
full_field,347,random_auth0,0.725
full_field,348,greedy,0.7
full_field,348,static,0.74
full_field,348,mi_rank,0.74
full_field,348,random_auth0,0.715
full_field,349,greedy,0.78
full_field,349,static,0.755
full_field,349,mi_rank,0.775
full_field,349,random_auth0,0.715
full_field,350,greedy,0.75
full_field,350,static,0.735
full_field,350,mi_rank,0.72
full_field,350,random_auth0,0.725
full_field,351,greedy,0.735
full_field,351,static,0.755
full_field,351,mi_rank,0.785
full_field,351,random_auth0,0.68
full_field,352,greedy,0.74
full_field,352,static,0.75
full_field,352,mi_rank,0.69
full_field,352,random_auth0,0.735
full_field,353,greedy,0.72
full_field,353,static,0.685
full_field,353,mi_rank,0.715
full_field,353,random_auth0,0.7
full_field,354,greedy,0.685
full_field,354,static,0.685
full_field,354,mi_rank,0.705
full_field,354,random_auth0,0.73
full_field,355,greedy,0.69
full_field,355,static,0.75
full_field,355,mi_rank,0.775
full_field,355,random_auth0,0.705
full_field,356,greedy,0.67
full_field,356,static,0.715
full_field,356,mi_rank,0.75
full_field,356,random_auth0,0.7
full_field,357,greedy,0.7
full_field,357,static,0.69
full_field,357,mi_rank,0.75
full_field,357,random_auth0,0.66
full_field,358,greedy,0.72
full_field,358,static,0.75
full_field,358,mi_rank,0.76
full_field,358,random_auth0,0.725
full_field,359,greedy,0.735
full_field,359,static,0.72
full_field,359,mi_rank,0.73
full_field,359,random_auth0,0.755
full_field,360,greedy,0.755
full_field,360,static,0.755
full_field,360,mi_rank,0.725
full_field,360,random_auth0,0.7
full_field,361,greedy,0.685
full_field,361,static,0.735
full_field,361,mi_rank,0.745
full_field,361,random_auth0,0.725
full_field,362,greedy,0.665
full_field,362,static,0.72
full_field,362,mi_rank,0.69
full_field,362,random_auth0,0.745
full_field,363,greedy,0.675
full_field,363,static,0.76
full_field,363,mi_rank,0.76
full_field,363,random_auth0,0.655
full_field,364,greedy,0.705
full_field,364,static,0.71
full_field,364,mi_rank,0.72
full_field,364,random_auth0,0.74
full_field,365,greedy,0.745
full_field,365,static,0.725
full_field,365,mi_rank,0.665
full_field,365,random_auth0,0.705
full_field,366,greedy,0.755
full_field,366,static,0.72
full_field,366,mi_rank,0.705
full_field,366,random_auth0,0.715
full_field,367,greedy,0.72
full_field,367,static,0.72
full_field,367,mi_rank,0.705
full_field,367,random_auth0,0.715
full_field,368,greedy,0.65
full_field,368,static,0.72
full_field,368,mi_rank,0.69
full_field,368,random_auth0,0.63
full_field,369,greedy,0.7
full_field,369,static,0.73
full_field,369,mi_rank,0.745
full_field,369,random_auth0,0.685
full_field,370,greedy,0.72
full_field,370,static,0.775
full_field,370,mi_rank,0.66
full_field,370,random_auth0,0.675
full_field,371,greedy,0.645
full_field,371,static,0.68
full_field,371,mi_rank,0.725
full_field,371,random_auth0,0.66
full_field,372,greedy,0.755
full_field,372,static,0.675
full_field,372,mi_rank,0.705
full_field,372,random_auth0,0.715
full_field,373,greedy,0.73
full_field,373,static,0.68
full_field,373,mi_rank,0.75
full_field,373,random_auth0,0.685
full_field,374,greedy,0.75
full_field,374,static,0.735
full_field,374,mi_rank,0.795
full_field,374,random_auth0,0.73
full_field,375,greedy,0.705
full_field,375,static,0.73
full_field,375,mi_rank,0.72
full_field,375,random_auth0,0.66
full_field,376,greedy,0.755
full_field,376,static,0.745
full_field,376,mi_rank,0.695
full_field,376,random_auth0,0.785
full_field,377,greedy,0.715
full_field,377,static,0.685
full_field,377,mi_rank,0.695
full_field,377,random_auth0,0.71
full_field,378,greedy,0.695
full_field,378,static,0.745
full_field,378,mi_rank,0.785
full_field,378,random_auth0,0.7
full_field,379,greedy,0.705
full_field,379,static,0.74
full_field,379,mi_rank,0.71
full_field,379,random_auth0,0.705
full_field,380,greedy,0.73
full_field,380,static,0.73
full_field,380,mi_rank,0.725
full_field,380,random_auth0,0.74
full_field,381,greedy,0.7
full_field,381,static,0.68
full_field,381,mi_rank,0.69
full_field,381,random_auth0,0.67
full_field,382,greedy,0.725
full_field,382,static,0.685
full_field,382,mi_rank,0.675
full_field,382,random_auth0,0.72
full_field,383,greedy,0.7
full_field,383,static,0.625
full_field,383,mi_rank,0.72
full_field,383,random_auth0,0.675
full_field,384,greedy,0.725
full_field,384,static,0.71
full_field,384,mi_rank,0.685
full_field,384,random_auth0,0.665
full_field,385,greedy,0.73
full_field,385,static,0.71
full_field,385,mi_rank,0.725
full_field,385,random_auth0,0.755
full_field,386,greedy,0.725
full_field,386,static,0.715
full_field,386,mi_rank,0.735
full_field,386,random_auth0,0.7
full_field,387,greedy,0.74
full_field,387,static,0.705
full_field,387,mi_rank,0.69
full_field,387,random_auth0,0.735
full_field,388,greedy,0.76
full_field,388,static,0.73
full_field,388,mi_rank,0.73
full_field,388,random_auth0,0.7
full_field,389,greedy,0.755
full_field,389,static,0.795
full_field,389,mi_rank,0.73
full_field,389,random_auth0,0.73
full_field,390,greedy,0.625
full_field,390,static,0.695
full_field,390,mi_rank,0.685
full_field,390,random_auth0,0.67
full_field,391,greedy,0.73
full_field,391,static,0.645
full_field,391,mi_rank,0.69
full_field,391,random_auth0,0.73
full_field,392,greedy,0.735
full_field,392,static,0.73
full_field,392,mi_rank,0.73
full_field,392,random_auth0,0.74
full_field,393,greedy,0.755
full_field,393,static,0.71
full_field,393,mi_rank,0.665
full_field,393,random_auth0,0.73
full_field,394,greedy,0.71
full_field,394,static,0.695
full_field,394,mi_rank,0.745
full_field,394,random_auth0,0.745
full_field,395,greedy,0.71
full_field,395,static,0.74
full_field,395,mi_rank,0.755
full_field,395,random_auth0,0.71
full_field,396,greedy,0.74
full_field,396,static,0.725
full_field,396,mi_rank,0.68
full_field,396,random_auth0,0.725
full_field,397,greedy,0.715
full_field,397,static,0.725
full_field,397,mi_rank,0.71
full_field,397,random_auth0,0.705
full_field,398,greedy,0.715
full_field,398,static,0.765
full_field,398,mi_rank,0.705
full_field,398,random_auth0,0.685
full_field,399,greedy,0.72
full_field,399,static,0.73
full_field,399,mi_rank,0.715
full_field,399,random_auth0,0.675
full_field,400,greedy,0.755
full_field,400,static,0.73
full_field,400,mi_rank,0.72
full_field,400,random_auth0,0.725
full_field,401,greedy,0.775
full_field,401,static,0.705
full_field,401,mi_rank,0.73
full_field,401,random_auth0,0.72
full_field,402,greedy,0.775
full_field,402,static,0.72
full_field,402,mi_rank,0.745
full_field,402,random_auth0,0.67
full_field,403,greedy,0.745
full_field,403,static,0.67
full_field,403,mi_rank,0.73
full_field,403,random_auth0,0.735
full_field,404,greedy,0.665
full_field,404,static,0.69
full_field,404,mi_rank,0.71
full_field,404,random_auth0,0.715
full_field,405,greedy,0.74
full_field,405,static,0.65
full_field,405,mi_rank,0.715
full_field,405,random_auth0,0.715
full_field,406,greedy,0.705
full_field,406,static,0.69
full_field,406,mi_rank,0.735
full_field,406,random_auth0,0.75
full_field,407,greedy,0.72
full_field,407,static,0.73
full_field,407,mi_rank,0.75
full_field,407,random_auth0,0.705
full_field,408,greedy,0.685
full_field,408,static,0.75
full_field,408,mi_rank,0.765
full_field,408,random_auth0,0.745
full_field,409,greedy,0.71
full_field,409,static,0.75
full_field,409,mi_rank,0.7
full_field,409,random_auth0,0.685
full_field,410,greedy,0.75
full_field,410,static,0.705
full_field,410,mi_rank,0.705
full_field,410,random_auth0,0.66
full_field,411,greedy,0.805
full_field,411,static,0.705
full_field,411,mi_rank,0.745
full_field,411,random_auth0,0.71
full_field,412,greedy,0.775
full_field,412,static,0.745
full_field,412,mi_rank,0.74
full_field,412,random_auth0,0.665
full_field,413,greedy,0.71
full_field,413,static,0.75
full_field,413,mi_rank,0.715
full_field,413,random_auth0,0.73
full_field,414,greedy,0.76
full_field,414,static,0.78
full_field,414,mi_rank,0.735
full_field,414,random_auth0,0.765
full_field,415,greedy,0.715
full_field,415,static,0.695
full_field,415,mi_rank,0.68
full_field,415,random_auth0,0.735
full_field,416,greedy,0.755
full_field,416,static,0.725
full_field,416,mi_rank,0.74
full_field,416,random_auth0,0.71
full_field,417,greedy,0.71
full_field,417,static,0.705
full_field,417,mi_rank,0.685
full_field,417,random_auth0,0.76
full_field,418,greedy,0.745
full_field,418,static,0.695
full_field,418,mi_rank,0.72
full_field,418,random_auth0,0.655
full_field,419,greedy,0.76
full_field,419,static,0.72
full_field,419,mi_rank,0.67
full_field,419,random_auth0,0.72
full_field,420,greedy,0.72
full_field,420,static,0.73
full_field,420,mi_rank,0.785
full_field,420,random_auth0,0.705
full_field,421,greedy,0.715
full_field,421,static,0.7
full_field,421,mi_rank,0.74
full_field,421,random_auth0,0.695
full_field,422,greedy,0.76
full_field,422,static,0.71
full_field,422,mi_rank,0.685
full_field,422,random_auth0,0.695
full_field,423,greedy,0.765
full_field,423,static,0.76
full_field,423,mi_rank,0.75
full_field,423,random_auth0,0.67
full_field,424,greedy,0.745
full_field,424,static,0.72
full_field,424,mi_rank,0.765
full_field,424,random_auth0,0.67
full_field,425,greedy,0.74
full_field,425,static,0.735
full_field,425,mi_rank,0.745
full_field,425,random_auth0,0.755
full_field,426,greedy,0.72
full_field,426,static,0.72
full_field,426,mi_rank,0.72
full_field,426,random_auth0,0.75
full_field,427,greedy,0.745
full_field,427,static,0.715
full_field,427,mi_rank,0.705
full_field,427,random_auth0,0.7
full_field,428,greedy,0.76
full_field,428,static,0.715
full_field,428,mi_rank,0.67
full_field,428,random_auth0,0.69
full_field,429,greedy,0.7
full_field,429,static,0.695
full_field,429,mi_rank,0.71
full_field,429,random_auth0,0.695
full_field,430,greedy,0.775
full_field,430,static,0.705
full_field,430,mi_rank,0.76
full_field,430,random_auth0,0.715
full_field,431,greedy,0.73
full_field,431,static,0.735
full_field,431,mi_rank,0.755
full_field,431,random_auth0,0.7
full_field,432,greedy,0.74
full_field,432,static,0.735
full_field,432,mi_rank,0.76
full_field,432,random_auth0,0.73
full_field,433,greedy,0.74
full_field,433,static,0.71
full_field,433,mi_rank,0.755
full_field,433,random_auth0,0.735
full_field,434,greedy,0.725
full_field,434,static,0.725
full_field,434,mi_rank,0.725
full_field,434,random_auth0,0.715
full_field,435,greedy,0.735
full_field,435,static,0.755
full_field,435,mi_rank,0.75
full_field,435,random_auth0,0.685
full_field,436,greedy,0.69
full_field,436,static,0.66
full_field,436,mi_rank,0.725
full_field,436,random_auth0,0.725
full_field,437,greedy,0.755
full_field,437,static,0.715
full_field,437,mi_rank,0.72
full_field,437,random_auth0,0.72
full_field,438,greedy,0.765
full_field,438,static,0.745
full_field,438,mi_rank,0.725
full_field,438,random_auth0,0.71
full_field,439,greedy,0.715
full_field,439,static,0.67
full_field,439,mi_rank,0.715
full_field,439,random_auth0,0.72
full_field,440,greedy,0.68
full_field,440,static,0.735
full_field,440,mi_rank,0.765
full_field,440,random_auth0,0.69
full_field,441,greedy,0.745
full_field,441,static,0.72
full_field,441,mi_rank,0.695
full_field,441,random_auth0,0.73
full_field,442,greedy,0.705
full_field,442,static,0.695
full_field,442,mi_rank,0.715
full_field,442,random_auth0,0.66
full_field,443,greedy,0.725
full_field,443,static,0.735
full_field,443,mi_rank,0.67
full_field,443,random_auth0,0.675
full_field,444,greedy,0.715
full_field,444,static,0.7
full_field,444,mi_rank,0.71
full_field,444,random_auth0,0.73
full_field,445,greedy,0.745
full_field,445,static,0.75
full_field,445,mi_rank,0.745
full_field,445,random_auth0,0.715
full_field,446,greedy,0.67
full_field,446,static,0.745
full_field,446,mi_rank,0.71
full_field,446,random_auth0,0.68
full_field,447,greedy,0.705
full_field,447,static,0.705
full_field,447,mi_rank,0.675
full_field,447,random_auth0,0.735
full_field,448,greedy,0.735
full_field,448,static,0.665
full_field,448,mi_rank,0.76
full_field,448,random_auth0,0.705
full_field,449,greedy,0.725
full_field,449,static,0.725
full_field,449,mi_rank,0.72
full_field,449,random_auth0,0.68
full_field,450,greedy,0.715
full_field,450,static,0.71
full_field,450,mi_rank,0.705
full_field,450,random_auth0,0.71
full_field,451,greedy,0.69
full_field,451,static,0.755
full_field,451,mi_rank,0.695
full_field,451,random_auth0,0.66
full_field,452,greedy,0.72
full_field,452,static,0.725
full_field,452,mi_rank,0.705
full_field,452,random_auth0,0.7
full_field,453,greedy,0.76
full_field,453,static,0.69
full_field,453,mi_rank,0.71
full_field,453,random_auth0,0.675
full_field,454,greedy,0.735
full_field,454,static,0.695
full_field,454,mi_rank,0.71
full_field,454,random_auth0,0.725
full_field,455,greedy,0.72
full_field,455,static,0.72
full_field,455,mi_rank,0.765
full_field,455,random_auth0,0.735
full_field,456,greedy,0.695
full_field,456,static,0.745
full_field,456,mi_rank,0.68
full_field,456,random_auth0,0.74
full_field,457,greedy,0.705
full_field,457,static,0.72
full_field,457,mi_rank,0.735
full_field,457,random_auth0,0.72
full_field,458,greedy,0.69
full_field,458,static,0.685
full_field,458,mi_rank,0.725
full_field,458,random_auth0,0.69
full_field,459,greedy,0.74
full_field,459,static,0.745
full_field,459,mi_rank,0.775
full_field,459,random_auth0,0.685
full_field,460,greedy,0.69
full_field,460,static,0.77
full_field,460,mi_rank,0.725
full_field,460,random_auth0,0.65
full_field,461,greedy,0.705
full_field,461,static,0.75
full_field,461,mi_rank,0.745
full_field,461,random_auth0,0.67
full_field,462,greedy,0.695
full_field,462,static,0.74
full_field,462,mi_rank,0.74
full_field,462,random_auth0,0.69
full_field,463,greedy,0.685
full_field,463,static,0.7
full_field,463,mi_rank,0.715
full_field,463,random_auth0,0.77
full_field,464,greedy,0.76
full_field,464,static,0.705
full_field,464,mi_rank,0.695
full_field,464,random_auth0,0.725
full_field,465,greedy,0.765
full_field,465,static,0.69
full_field,465,mi_rank,0.72
full_field,465,random_auth0,0.735
full_field,466,greedy,0.705
full_field,466,static,0.695
full_field,466,mi_rank,0.68
full_field,466,random_auth0,0.7
full_field,467,greedy,0.695
full_field,467,static,0.755
full_field,467,mi_rank,0.73
full_field,467,random_auth0,0.665
full_field,468,greedy,0.675
full_field,468,static,0.745
full_field,468,mi_rank,0.72
full_field,468,random_auth0,0.69
full_field,469,greedy,0.71
full_field,469,static,0.735
full_field,469,mi_rank,0.66
full_field,469,random_auth0,0.69
full_field,470,greedy,0.695
full_field,470,static,0.73
full_field,470,mi_rank,0.695
full_field,470,random_auth0,0.685
full_field,471,greedy,0.72
full_field,471,static,0.71
full_field,471,mi_rank,0.755
full_field,471,random_auth0,0.71
full_field,472,greedy,0.735
full_field,472,static,0.735
full_field,472,mi_rank,0.73
full_field,472,random_auth0,0.71
full_field,473,greedy,0.73
full_field,473,static,0.74
full_field,473,mi_rank,0.71
full_field,473,random_auth0,0.715
full_field,474,greedy,0.695
full_field,474,static,0.73
full_field,474,mi_rank,0.77
full_field,474,random_auth0,0.7
full_field,475,greedy,0.67
full_field,475,static,0.675
full_field,475,mi_rank,0.695
full_field,475,random_auth0,0.655
full_field,476,greedy,0.72
full_field,476,static,0.74
full_field,476,mi_rank,0.75
full_field,476,random_auth0,0.725
full_field,477,greedy,0.715
full_field,477,static,0.7
full_field,477,mi_rank,0.65
full_field,477,random_auth0,0.71
full_field,478,greedy,0.63
full_field,478,static,0.695
full_field,478,mi_rank,0.71
full_field,478,random_auth0,0.68
full_field,479,greedy,0.73
full_field,479,static,0.735
full_field,479,mi_rank,0.765
full_field,479,random_auth0,0.655
full_field,480,greedy,0.71
full_field,480,static,0.755
full_field,480,mi_rank,0.74
full_field,480,random_auth0,0.74
full_field,481,greedy,0.705
full_field,481,static,0.705
full_field,481,mi_rank,0.71
full_field,481,random_auth0,0.67
full_field,482,greedy,0.75
full_field,482,static,0.755
full_field,482,mi_rank,0.77
full_field,482,random_auth0,0.665
full_field,483,greedy,0.645
full_field,483,static,0.72
full_field,483,mi_rank,0.68
full_field,483,random_auth0,0.715
full_field,484,greedy,0.695
full_field,484,static,0.735
full_field,484,mi_rank,0.71
full_field,484,random_auth0,0.62
full_field,485,greedy,0.675
full_field,485,static,0.725
full_field,485,mi_rank,0.74
full_field,485,random_auth0,0.72
full_field,486,greedy,0.7
full_field,486,static,0.695
full_field,486,mi_rank,0.685
full_field,486,random_auth0,0.71
full_field,487,greedy,0.71
full_field,487,static,0.685
full_field,487,mi_rank,0.715
full_field,487,random_auth0,0.685
full_field,488,greedy,0.745
full_field,488,static,0.685
full_field,488,mi_rank,0.72
full_field,488,random_auth0,0.71
full_field,489,greedy,0.695
full_field,489,static,0.7
full_field,489,mi_rank,0.7
full_field,489,random_auth0,0.685
full_field,490,greedy,0.74
full_field,490,static,0.755
full_field,490,mi_rank,0.745
full_field,490,random_auth0,0.71
full_field,491,greedy,0.69
full_field,491,static,0.755
full_field,491,mi_rank,0.725
full_field,491,random_auth0,0.7
full_field,492,greedy,0.76
full_field,492,static,0.76
full_field,492,mi_rank,0.775
full_field,492,random_auth0,0.675
full_field,493,greedy,0.725
full_field,493,static,0.745
full_field,493,mi_rank,0.74
full_field,493,random_auth0,0.695
full_field,494,greedy,0.775
full_field,494,static,0.69
full_field,494,mi_rank,0.74
full_field,494,random_auth0,0.755
full_field,495,greedy,0.745
full_field,495,static,0.66
full_field,495,mi_rank,0.715
full_field,495,random_auth0,0.72
full_field,496,greedy,0.685
full_field,496,static,0.745
full_field,496,mi_rank,0.745
full_field,496,random_auth0,0.7
full_field,497,greedy,0.735
full_field,497,static,0.72
full_field,497,mi_rank,0.76
full_field,497,random_auth0,0.75
full_field,498,greedy,0.735
full_field,498,static,0.705
full_field,498,mi_rank,0.675
full_field,498,random_auth0,0.66
full_field,499,greedy,0.715
full_field,499,static,0.715
full_field,499,mi_rank,0.69
full_field,499,random_auth0,0.72
full_field,500,greedy,0.735
full_field,500,static,0.735
full_field,500,mi_rank,0.695
full_field,500,random_auth0,0.775
full_field,501,greedy,0.76
full_field,501,static,0.76
full_field,501,mi_rank,0.755
full_field,501,random_auth0,0.715
full_field,502,greedy,0.725
full_field,502,static,0.75
full_field,502,mi_rank,0.715
full_field,502,random_auth0,0.68
full_field,503,greedy,0.8
full_field,503,static,0.75
full_field,503,mi_rank,0.72
full_field,503,random_auth0,0.705
full_field,504,greedy,0.735
full_field,504,static,0.74
full_field,504,mi_rank,0.76
full_field,504,random_auth0,0.745
full_field,505,greedy,0.73
full_field,505,static,0.745
full_field,505,mi_rank,0.7
full_field,505,random_auth0,0.66
full_field,506,greedy,0.695
full_field,506,static,0.725
full_field,506,mi_rank,0.71
full_field,506,random_auth0,0.725
full_field,507,greedy,0.675
full_field,507,static,0.7
full_field,507,mi_rank,0.705
full_field,507,random_auth0,0.725
full_field,508,greedy,0.71
full_field,508,static,0.795
full_field,508,mi_rank,0.76
full_field,508,random_auth0,0.69
full_field,509,greedy,0.725
full_field,509,static,0.75
full_field,509,mi_rank,0.73
full_field,509,random_auth0,0.71
full_field,510,greedy,0.685
full_field,510,static,0.74
full_field,510,mi_rank,0.745
full_field,510,random_auth0,0.72
full_field,511,greedy,0.705
full_field,511,static,0.73
full_field,511,mi_rank,0.73
full_field,511,random_auth0,0.66
full_field,512,greedy,0.695
full_field,512,static,0.71
full_field,512,mi_rank,0.73
full_field,512,random_auth0,0.685
full_field,513,greedy,0.695
full_field,513,static,0.665
full_field,513,mi_rank,0.66
full_field,513,random_auth0,0.7
full_field,514,greedy,0.74
full_field,514,static,0.725
full_field,514,mi_rank,0.695
full_field,514,random_auth0,0.715
full_field,515,greedy,0.765
full_field,515,static,0.73
full_field,515,mi_rank,0.72
full_field,515,random_auth0,0.695
full_field,516,greedy,0.755
full_field,516,static,0.71
full_field,516,mi_rank,0.75
full_field,516,random_auth0,0.735
full_field,517,greedy,0.765
full_field,517,static,0.74
full_field,517,mi_rank,0.74
full_field,517,random_auth0,0.71
full_field,518,greedy,0.71
full_field,518,static,0.71
full_field,518,mi_rank,0.665
full_field,518,random_auth0,0.74
full_field,519,greedy,0.675
full_field,519,static,0.695
full_field,519,mi_rank,0.76
full_field,519,random_auth0,0.67
full_field,520,greedy,0.73
full_field,520,static,0.71
full_field,520,mi_rank,0.745
full_field,520,random_auth0,0.64
full_field,521,greedy,0.725
full_field,521,static,0.76
full_field,521,mi_rank,0.755
full_field,521,random_auth0,0.655
full_field,522,greedy,0.735
full_field,522,static,0.68
full_field,522,mi_rank,0.655
full_field,522,random_auth0,0.695
full_field,523,greedy,0.725
full_field,523,static,0.71
full_field,523,mi_rank,0.715
full_field,523,random_auth0,0.745
full_field,524,greedy,0.73
full_field,524,static,0.775
full_field,524,mi_rank,0.77
full_field,524,random_auth0,0.725
full_field,525,greedy,0.685
full_field,525,static,0.685
full_field,525,mi_rank,0.73
full_field,525,random_auth0,0.7
full_field,526,greedy,0.73
full_field,526,static,0.7
full_field,526,mi_rank,0.735
full_field,526,random_auth0,0.695
full_field,527,greedy,0.75
full_field,527,static,0.71
full_field,527,mi_rank,0.73
full_field,527,random_auth0,0.705
full_field,528,greedy,0.765
full_field,528,static,0.715
full_field,528,mi_rank,0.695
full_field,528,random_auth0,0.765
full_field,529,greedy,0.71
full_field,529,static,0.72
full_field,529,mi_rank,0.685
full_field,529,random_auth0,0.705
full_field,530,greedy,0.705
full_field,530,static,0.775
full_field,530,mi_rank,0.7
full_field,530,random_auth0,0.765
full_field,531,greedy,0.73
full_field,531,static,0.67
full_field,531,mi_rank,0.705
full_field,531,random_auth0,0.695
full_field,532,greedy,0.715
full_field,532,static,0.74
full_field,532,mi_rank,0.785
full_field,532,random_auth0,0.705
full_field,533,greedy,0.68
full_field,533,static,0.76
full_field,533,mi_rank,0.72
full_field,533,random_auth0,0.655
full_field,534,greedy,0.72
full_field,534,static,0.75
full_field,534,mi_rank,0.735
full_field,534,random_auth0,0.66
full_field,535,greedy,0.745
full_field,535,static,0.69
full_field,535,mi_rank,0.725
full_field,535,random_auth0,0.75
full_field,536,greedy,0.755
full_field,536,static,0.705
full_field,536,mi_rank,0.715
full_field,536,random_auth0,0.745
full_field,537,greedy,0.78
full_field,537,static,0.73
full_field,537,mi_rank,0.705
full_field,537,random_auth0,0.69
full_field,538,greedy,0.745
full_field,538,static,0.68
full_field,538,mi_rank,0.73
full_field,538,random_auth0,0.735
full_field,539,greedy,0.695
full_field,539,static,0.72
full_field,539,mi_rank,0.775
full_field,539,random_auth0,0.7
full_field,540,greedy,0.73
full_field,540,static,0.685
full_field,540,mi_rank,0.755
full_field,540,random_auth0,0.63
full_field,541,greedy,0.76
full_field,541,static,0.695
full_field,541,mi_rank,0.695
full_field,541,random_auth0,0.685
full_field,542,greedy,0.755
full_field,542,static,0.645
full_field,542,mi_rank,0.71
full_field,542,random_auth0,0.72
full_field,543,greedy,0.775
full_field,543,static,0.725
full_field,543,mi_rank,0.765
full_field,543,random_auth0,0.74
full_field,544,greedy,0.72
full_field,544,static,0.715
full_field,544,mi_rank,0.7
full_field,544,random_auth0,0.7
full_field,545,greedy,0.685
full_field,545,static,0.66
full_field,545,mi_rank,0.67
full_field,545,random_auth0,0.745
full_field,546,greedy,0.76
full_field,546,static,0.78
full_field,546,mi_rank,0.715
full_field,546,random_auth0,0.685
full_field,547,greedy,0.685
full_field,547,static,0.74
full_field,547,mi_rank,0.74
full_field,547,random_auth0,0.7
full_field,548,greedy,0.705
full_field,548,static,0.75
full_field,548,mi_rank,0.78
full_field,548,random_auth0,0.745
full_field,549,greedy,0.7
full_field,549,static,0.7
full_field,549,mi_rank,0.755
full_field,549,random_auth0,0.7
full_field,550,greedy,0.74
full_field,550,static,0.76
full_field,550,mi_rank,0.745
full_field,550,random_auth0,0.665
full_field,551,greedy,0.74
full_field,551,static,0.74
full_field,551,mi_rank,0.775
full_field,551,random_auth0,0.745
full_field,552,greedy,0.705
full_field,552,static,0.68
full_field,552,mi_rank,0.695
full_field,552,random_auth0,0.705
full_field,553,greedy,0.72
full_field,553,static,0.735
full_field,553,mi_rank,0.715
full_field,553,random_auth0,0.7
full_field,554,greedy,0.665
full_field,554,static,0.76
full_field,554,mi_rank,0.74
full_field,554,random_auth0,0.68
full_field,555,greedy,0.725
full_field,555,static,0.71
full_field,555,mi_rank,0.775
full_field,555,random_auth0,0.685
full_field,556,greedy,0.78
full_field,556,static,0.725
full_field,556,mi_rank,0.71
full_field,556,random_auth0,0.655
full_field,557,greedy,0.695
full_field,557,static,0.695
full_field,557,mi_rank,0.74
full_field,557,random_auth0,0.71
full_field,558,greedy,0.715
full_field,558,static,0.695
full_field,558,mi_rank,0.695
full_field,558,random_auth0,0.68
full_field,559,greedy,0.74
full_field,559,static,0.73
full_field,559,mi_rank,0.705
full_field,559,random_auth0,0.68
full_field,560,greedy,0.745
full_field,560,static,0.745
full_field,560,mi_rank,0.75
full_field,560,random_auth0,0.715
full_field,561,greedy,0.665
full_field,561,static,0.72
full_field,561,mi_rank,0.745
full_field,561,random_auth0,0.705
full_field,562,greedy,0.785
full_field,562,static,0.71
full_field,562,mi_rank,0.685
full_field,562,random_auth0,0.715
full_field,563,greedy,0.69
full_field,563,static,0.755
full_field,563,mi_rank,0.69
full_field,563,random_auth0,0.71
full_field,564,greedy,0.74
full_field,564,static,0.665
full_field,564,mi_rank,0.725
full_field,564,random_auth0,0.695
full_field,565,greedy,0.695
full_field,565,static,0.675
full_field,565,mi_rank,0.705
full_field,565,random_auth0,0.695
full_field,566,greedy,0.73
full_field,566,static,0.745
full_field,566,mi_rank,0.69
full_field,566,random_auth0,0.71
full_field,567,greedy,0.71
full_field,567,static,0.775
full_field,567,mi_rank,0.73
full_field,567,random_auth0,0.69
full_field,568,greedy,0.735
full_field,568,static,0.79
full_field,568,mi_rank,0.795
full_field,568,random_auth0,0.735
full_field,569,greedy,0.755
full_field,569,static,0.745
full_field,569,mi_rank,0.745
full_field,569,random_auth0,0.75
full_field,570,greedy,0.675
full_field,570,static,0.735
full_field,570,mi_rank,0.79
full_field,570,random_auth0,0.675
full_field,571,greedy,0.715
full_field,571,static,0.715
full_field,571,mi_rank,0.695
full_field,571,random_auth0,0.68
full_field,572,greedy,0.735
full_field,572,static,0.665
full_field,572,mi_rank,0.655
full_field,572,random_auth0,0.755
full_field,573,greedy,0.74
full_field,573,static,0.71
full_field,573,mi_rank,0.725
full_field,573,random_auth0,0.66
full_field,574,greedy,0.72
full_field,574,static,0.73
full_field,574,mi_rank,0.715
full_field,574,random_auth0,0.7
full_field,575,greedy,0.71
full_field,575,static,0.66
full_field,575,mi_rank,0.705
full_field,575,random_auth0,0.72
full_field,576,greedy,0.645
full_field,576,static,0.715
full_field,576,mi_rank,0.715
full_field,576,random_auth0,0.67
full_field,577,greedy,0.725
full_field,577,static,0.76
full_field,577,mi_rank,0.655
full_field,577,random_auth0,0.78
full_field,578,greedy,0.705
full_field,578,static,0.71
full_field,578,mi_rank,0.67
full_field,578,random_auth0,0.75
full_field,579,greedy,0.685
full_field,579,static,0.785
full_field,579,mi_rank,0.755
full_field,579,random_auth0,0.745
full_field,580,greedy,0.715
full_field,580,static,0.725
full_field,580,mi_rank,0.725
full_field,580,random_auth0,0.725
full_field,581,greedy,0.735
full_field,581,static,0.685
full_field,581,mi_rank,0.695
full_field,581,random_auth0,0.64
full_field,582,greedy,0.765
full_field,582,static,0.755
full_field,582,mi_rank,0.73
full_field,582,random_auth0,0.73
full_field,583,greedy,0.715
full_field,583,static,0.725
full_field,583,mi_rank,0.765
full_field,583,random_auth0,0.67
full_field,584,greedy,0.67
full_field,584,static,0.765
full_field,584,mi_rank,0.695
full_field,584,random_auth0,0.735
full_field,585,greedy,0.755
full_field,585,static,0.71
full_field,585,mi_rank,0.685
full_field,585,random_auth0,0.725
full_field,586,greedy,0.69
full_field,586,static,0.675
full_field,586,mi_rank,0.715
full_field,586,random_auth0,0.725
full_field,587,greedy,0.75
full_field,587,static,0.7
full_field,587,mi_rank,0.705
full_field,587,random_auth0,0.72
full_field,588,greedy,0.76
full_field,588,static,0.73
full_field,588,mi_rank,0.675
full_field,588,random_auth0,0.74
full_field,589,greedy,0.72
full_field,589,static,0.775
full_field,589,mi_rank,0.765
full_field,589,random_auth0,0.7
full_field,590,greedy,0.715
full_field,590,static,0.74
full_field,590,mi_rank,0.745
full_field,590,random_auth0,0.685
full_field,591,greedy,0.725
full_field,591,static,0.715
full_field,591,mi_rank,0.72
full_field,591,random_auth0,0.72
full_field,592,greedy,0.77
full_field,592,static,0.685
full_field,592,mi_rank,0.715
full_field,592,random_auth0,0.72
full_field,593,greedy,0.665
full_field,593,static,0.72
full_field,593,mi_rank,0.7
full_field,593,random_auth0,0.745
full_field,594,greedy,0.76
full_field,594,static,0.755
full_field,594,mi_rank,0.725
full_field,594,random_auth0,0.71
full_field,595,greedy,0.715
full_field,595,static,0.735
full_field,595,mi_rank,0.695
full_field,595,random_auth0,0.71
full_field,596,greedy,0.73
full_field,596,static,0.71
full_field,596,mi_rank,0.745
full_field,596,random_auth0,0.74
full_field,597,greedy,0.77
full_field,597,static,0.72
full_field,597,mi_rank,0.72
full_field,597,random_auth0,0.705
full_field,598,greedy,0.665
full_field,598,static,0.815
full_field,598,mi_rank,0.735
full_field,598,random_auth0,0.71
full_field,599,greedy,0.715
full_field,599,static,0.69
full_field,599,mi_rank,0.78
full_field,599,random_auth0,0.705
full_field,600,greedy,0.715
full_field,600,static,0.68
full_field,600,mi_rank,0.715
full_field,600,random_auth0,0.68
full_field,601,greedy,0.675
full_field,601,static,0.74
full_field,601,mi_rank,0.715
full_field,601,random_auth0,0.675
full_field,602,greedy,0.715
full_field,602,static,0.685
full_field,602,mi_rank,0.735
full_field,602,random_auth0,0.665
full_field,603,greedy,0.76
full_field,603,static,0.715
full_field,603,mi_rank,0.735
full_field,603,random_auth0,0.77
full_field,604,greedy,0.695
full_field,604,static,0.7
full_field,604,mi_rank,0.74
full_field,604,random_auth0,0.71
full_field,605,greedy,0.735
full_field,605,static,0.695
full_field,605,mi_rank,0.685
full_field,605,random_auth0,0.685
full_field,606,greedy,0.69
full_field,606,static,0.695
full_field,606,mi_rank,0.68
full_field,606,random_auth0,0.64
full_field,607,greedy,0.69
full_field,607,static,0.755
full_field,607,mi_rank,0.705
full_field,607,random_auth0,0.665
full_field,608,greedy,0.705
full_field,608,static,0.72
full_field,608,mi_rank,0.705
full_field,608,random_auth0,0.72
full_field,609,greedy,0.76
full_field,609,static,0.73
full_field,609,mi_rank,0.785
full_field,609,random_auth0,0.685
full_field,610,greedy,0.725
full_field,610,static,0.715
full_field,610,mi_rank,0.74
full_field,610,random_auth0,0.7
full_field,611,greedy,0.705
full_field,611,static,0.73
full_field,611,mi_rank,0.72
full_field,611,random_auth0,0.74
full_field,612,greedy,0.67
full_field,612,static,0.725
full_field,612,mi_rank,0.72
full_field,612,random_auth0,0.74
full_field,613,greedy,0.655
full_field,613,static,0.755
full_field,613,mi_rank,0.7
full_field,613,random_auth0,0.7
full_field,614,greedy,0.72
full_field,614,static,0.73
full_field,614,mi_rank,0.67
full_field,614,random_auth0,0.705
full_field,615,greedy,0.695
full_field,615,static,0.7
full_field,615,mi_rank,0.71
full_field,615,random_auth0,0.685
full_field,616,greedy,0.765
full_field,616,static,0.655
full_field,616,mi_rank,0.715
full_field,616,random_auth0,0.69
full_field,617,greedy,0.735
full_field,617,static,0.665
full_field,617,mi_rank,0.745
full_field,617,random_auth0,0.665
full_field,618,greedy,0.685
full_field,618,static,0.73
full_field,618,mi_rank,0.705
full_field,618,random_auth0,0.715
full_field,619,greedy,0.72
full_field,619,static,0.695
full_field,619,mi_rank,0.685
full_field,619,random_auth0,0.735
full_field,620,greedy,0.795
full_field,620,static,0.73
full_field,620,mi_rank,0.695
full_field,620,random_auth0,0.74
full_field,621,greedy,0.745
full_field,621,static,0.76
full_field,621,mi_rank,0.77
full_field,621,random_auth0,0.725
full_field,622,greedy,0.715
full_field,622,static,0.765
full_field,622,mi_rank,0.685
full_field,622,random_auth0,0.74
full_field,623,greedy,0.69
full_field,623,static,0.685
full_field,623,mi_rank,0.735
full_field,623,random_auth0,0.76
full_field,624,greedy,0.745
full_field,624,static,0.71
full_field,624,mi_rank,0.7
full_field,624,random_auth0,0.73
full_field,625,greedy,0.735
full_field,625,static,0.71
full_field,625,mi_rank,0.7
full_field,625,random_auth0,0.665
full_field,626,greedy,0.765
full_field,626,static,0.75
full_field,626,mi_rank,0.715
full_field,626,random_auth0,0.7
full_field,627,greedy,0.74
full_field,627,static,0.77
full_field,627,mi_rank,0.735
full_field,627,random_auth0,0.705
full_field,628,greedy,0.69
full_field,628,static,0.73
full_field,628,mi_rank,0.74
full_field,628,random_auth0,0.685
full_field,629,greedy,0.705
full_field,629,static,0.725
full_field,629,mi_rank,0.695
full_field,629,random_auth0,0.765
full_field,630,greedy,0.735
full_field,630,static,0.695
full_field,630,mi_rank,0.675
full_field,630,random_auth0,0.755
full_field,631,greedy,0.725
full_field,631,static,0.715
full_field,631,mi_rank,0.72
full_field,631,random_auth0,0.67
full_field,632,greedy,0.71
full_field,632,static,0.71
full_field,632,mi_rank,0.715
full_field,632,random_auth0,0.695
full_field,633,greedy,0.715
full_field,633,static,0.72
full_field,633,mi_rank,0.715
full_field,633,random_auth0,0.675
full_field,634,greedy,0.76
full_field,634,static,0.69
full_field,634,mi_rank,0.715
full_field,634,random_auth0,0.73
full_field,635,greedy,0.69
full_field,635,static,0.81
full_field,635,mi_rank,0.76
full_field,635,random_auth0,0.68
full_field,636,greedy,0.735
full_field,636,static,0.75
full_field,636,mi_rank,0.735
full_field,636,random_auth0,0.735
full_field,637,greedy,0.735
full_field,637,static,0.705
full_field,637,mi_rank,0.705
full_field,637,random_auth0,0.64
full_field,638,greedy,0.74
full_field,638,static,0.775
full_field,638,mi_rank,0.73
full_field,638,random_auth0,0.69
full_field,639,greedy,0.705
full_field,639,static,0.705
full_field,639,mi_rank,0.725
full_field,639,random_auth0,0.66
full_field,640,greedy,0.71
full_field,640,static,0.785
full_field,640,mi_rank,0.745
full_field,640,random_auth0,0.7
full_field,641,greedy,0.71
full_field,641,static,0.7
full_field,641,mi_rank,0.715
full_field,641,random_auth0,0.715
full_field,642,greedy,0.695
full_field,642,static,0.695
full_field,642,mi_rank,0.705
full_field,642,random_auth0,0.67
full_field,643,greedy,0.68
full_field,643,static,0.69
full_field,643,mi_rank,0.695
full_field,643,random_auth0,0.695
full_field,644,greedy,0.71
full_field,644,static,0.675
full_field,644,mi_rank,0.63
full_field,644,random_auth0,0.68
full_field,645,greedy,0.755
full_field,645,static,0.75
full_field,645,mi_rank,0.695
full_field,645,random_auth0,0.71
full_field,646,greedy,0.7
full_field,646,static,0.735
full_field,646,mi_rank,0.745
full_field,646,random_auth0,0.715
full_field,647,greedy,0.67
full_field,647,static,0.72
full_field,647,mi_rank,0.76
full_field,647,random_auth0,0.725
full_field,648,greedy,0.72
full_field,648,static,0.76
full_field,648,mi_rank,0.72
full_field,648,random_auth0,0.76
full_field,649,greedy,0.73
full_field,649,static,0.725
full_field,649,mi_rank,0.735
full_field,649,random_auth0,0.74
full_field,650,greedy,0.715
full_field,650,static,0.76
full_field,650,mi_rank,0.725
full_field,650,random_auth0,0.695
full_field,651,greedy,0.695
full_field,651,static,0.69
full_field,651,mi_rank,0.735
full_field,651,random_auth0,0.745
full_field,652,greedy,0.76
full_field,652,static,0.715
full_field,652,mi_rank,0.78
full_field,652,random_auth0,0.695
full_field,653,greedy,0.75
full_field,653,static,0.665
full_field,653,mi_rank,0.7
full_field,653,random_auth0,0.72
full_field,654,greedy,0.755
full_field,654,static,0.755
full_field,654,mi_rank,0.725
full_field,654,random_auth0,0.735
full_field,655,greedy,0.7
full_field,655,static,0.745
full_field,655,mi_rank,0.78
full_field,655,random_auth0,0.78
full_field,656,greedy,0.68
full_field,656,static,0.775
full_field,656,mi_rank,0.735
full_field,656,random_auth0,0.735
full_field,657,greedy,0.7
full_field,657,static,0.695
full_field,657,mi_rank,0.69
full_field,657,random_auth0,0.74
full_field,658,greedy,0.715
full_field,658,static,0.755
full_field,658,mi_rank,0.785
full_field,658,random_auth0,0.67
full_field,659,greedy,0.72
full_field,659,static,0.72
full_field,659,mi_rank,0.7
full_field,659,random_auth0,0.715
full_field,660,greedy,0.765
full_field,660,static,0.7
full_field,660,mi_rank,0.65
full_field,660,random_auth0,0.725
full_field,661,greedy,0.715
full_field,661,static,0.72
full_field,661,mi_rank,0.735
full_field,661,random_auth0,0.695
full_field,662,greedy,0.705
full_field,662,static,0.705
full_field,662,mi_rank,0.675
full_field,662,random_auth0,0.7
full_field,663,greedy,0.705
full_field,663,static,0.745
full_field,663,mi_rank,0.68
full_field,663,random_auth0,0.72
full_field,664,greedy,0.73
full_field,664,static,0.72
full_field,664,mi_rank,0.725
full_field,664,random_auth0,0.705
full_field,665,greedy,0.695
full_field,665,static,0.765
full_field,665,mi_rank,0.75
full_field,665,random_auth0,0.72
full_field,666,greedy,0.725
full_field,666,static,0.735
full_field,666,mi_rank,0.755
full_field,666,random_auth0,0.755
full_field,667,greedy,0.74
full_field,667,static,0.74
full_field,667,mi_rank,0.73
full_field,667,random_auth0,0.725
full_field,668,greedy,0.695
full_field,668,static,0.74
full_field,668,mi_rank,0.775
full_field,668,random_auth0,0.72
full_field,669,greedy,0.75
full_field,669,static,0.715
full_field,669,mi_rank,0.725
full_field,669,random_auth0,0.755
full_field,670,greedy,0.7
full_field,670,static,0.725
full_field,670,mi_rank,0.73
full_field,670,random_auth0,0.66
full_field,671,greedy,0.72
full_field,671,static,0.645
full_field,671,mi_rank,0.675
full_field,671,random_auth0,0.7
full_field,672,greedy,0.725
full_field,672,static,0.735
full_field,672,mi_rank,0.735
full_field,672,random_auth0,0.725
full_field,673,greedy,0.74
full_field,673,static,0.73
full_field,673,mi_rank,0.72
full_field,673,random_auth0,0.725
full_field,674,greedy,0.75
full_field,674,static,0.705
full_field,674,mi_rank,0.71
full_field,674,random_auth0,0.69
full_field,675,greedy,0.745
full_field,675,static,0.74
full_field,675,mi_rank,0.74
full_field,675,random_auth0,0.73
full_field,676,greedy,0.695
full_field,676,static,0.74
full_field,676,mi_rank,0.69
full_field,676,random_auth0,0.71
full_field,677,greedy,0.735
full_field,677,static,0.72
full_field,677,mi_rank,0.715
full_field,677,random_auth0,0.69
full_field,678,greedy,0.745
full_field,678,static,0.7
full_field,678,mi_rank,0.73
full_field,678,random_auth0,0.71
full_field,679,greedy,0.765
full_field,679,static,0.74
full_field,679,mi_rank,0.725
full_field,679,random_auth0,0.685
full_field,680,greedy,0.72
full_field,680,static,0.72
full_field,680,mi_rank,0.71
full_field,680,random_auth0,0.685
full_field,681,greedy,0.76
full_field,681,static,0.795
full_field,681,mi_rank,0.79
full_field,681,random_auth0,0.69
full_field,682,greedy,0.68
full_field,682,static,0.71
full_field,682,mi_rank,0.7
full_field,682,random_auth0,0.685
full_field,683,greedy,0.72
full_field,683,static,0.71
full_field,683,mi_rank,0.705
full_field,683,random_auth0,0.68
full_field,684,greedy,0.69
full_field,684,static,0.7
full_field,684,mi_rank,0.785
full_field,684,random_auth0,0.72
full_field,685,greedy,0.71
full_field,685,static,0.73
full_field,685,mi_rank,0.755
full_field,685,random_auth0,0.74
full_field,686,greedy,0.785
full_field,686,static,0.74
full_field,686,mi_rank,0.725
full_field,686,random_auth0,0.72
full_field,687,greedy,0.725
full_field,687,static,0.715
full_field,687,mi_rank,0.725
full_field,687,random_auth0,0.77
full_field,688,greedy,0.73
full_field,688,static,0.7
full_field,688,mi_rank,0.715
full_field,688,random_auth0,0.725
full_field,689,greedy,0.73
full_field,689,static,0.69
full_field,689,mi_rank,0.675
full_field,689,random_auth0,0.67
full_field,690,greedy,0.76
full_field,690,static,0.765
full_field,690,mi_rank,0.695
full_field,690,random_auth0,0.76
full_field,691,greedy,0.775
full_field,691,static,0.72
full_field,691,mi_rank,0.715
full_field,691,random_auth0,0.675
full_field,692,greedy,0.715
full_field,692,static,0.69
full_field,692,mi_rank,0.7
full_field,692,random_auth0,0.735
full_field,693,greedy,0.755
full_field,693,static,0.71
full_field,693,mi_rank,0.685
full_field,693,random_auth0,0.735
full_field,694,greedy,0.73
full_field,694,static,0.695
full_field,694,mi_rank,0.71
full_field,694,random_auth0,0.685
full_field,695,greedy,0.72
full_field,695,static,0.68
full_field,695,mi_rank,0.725
full_field,695,random_auth0,0.735
full_field,696,greedy,0.73
full_field,696,static,0.745
full_field,696,mi_rank,0.685
full_field,696,random_auth0,0.725
full_field,697,greedy,0.755
full_field,697,static,0.71
full_field,697,mi_rank,0.715
full_field,697,random_auth0,0.705
full_field,698,greedy,0.735
full_field,698,static,0.705
full_field,698,mi_rank,0.695
full_field,698,random_auth0,0.71
full_field,699,greedy,0.67
full_field,699,static,0.705
full_field,699,mi_rank,0.74
full_field,699,random_auth0,0.675
full_field,700,greedy,0.75
full_field,700,static,0.755
full_field,700,mi_rank,0.765
full_field,700,random_auth0,0.685
full_field,701,greedy,0.765
full_field,701,static,0.715
full_field,701,mi_rank,0.72
full_field,701,random_auth0,0.71
full_field,702,greedy,0.715
full_field,702,static,0.76
full_field,702,mi_rank,0.765
full_field,702,random_auth0,0.725
full_field,703,greedy,0.675
full_field,703,static,0.695
full_field,703,mi_rank,0.655
full_field,703,random_auth0,0.69
full_field,704,greedy,0.755
full_field,704,static,0.765
full_field,704,mi_rank,0.71
full_field,704,random_auth0,0.72
full_field,705,greedy,0.72
full_field,705,static,0.715
full_field,705,mi_rank,0.715
full_field,705,random_auth0,0.73
full_field,706,greedy,0.695
full_field,706,static,0.73
full_field,706,mi_rank,0.775
full_field,706,random_auth0,0.675
full_field,707,greedy,0.74
full_field,707,static,0.7
full_field,707,mi_rank,0.685
full_field,707,random_auth0,0.71
full_field,708,greedy,0.635
full_field,708,static,0.735
full_field,708,mi_rank,0.76
full_field,708,random_auth0,0.76
full_field,709,greedy,0.7
full_field,709,static,0.74
full_field,709,mi_rank,0.725
full_field,709,random_auth0,0.73
full_field,710,greedy,0.705
full_field,710,static,0.705
full_field,710,mi_rank,0.71
full_field,710,random_auth0,0.67
full_field,711,greedy,0.745
full_field,711,static,0.76
full_field,711,mi_rank,0.73
full_field,711,random_auth0,0.7
full_field,712,greedy,0.715
full_field,712,static,0.725
full_field,712,mi_rank,0.74
full_field,712,random_auth0,0.665
full_field,713,greedy,0.79
full_field,713,static,0.695
full_field,713,mi_rank,0.735
full_field,713,random_auth0,0.725
full_field,714,greedy,0.73
full_field,714,static,0.695
full_field,714,mi_rank,0.76
full_field,714,random_auth0,0.73
full_field,715,greedy,0.71
full_field,715,static,0.7
full_field,715,mi_rank,0.695
full_field,715,random_auth0,0.725
full_field,716,greedy,0.74
full_field,716,static,0.735
full_field,716,mi_rank,0.715
full_field,716,random_auth0,0.725
full_field,717,greedy,0.73
full_field,717,static,0.73
full_field,717,mi_rank,0.72
full_field,717,random_auth0,0.775
full_field,718,greedy,0.745
full_field,718,static,0.705
full_field,718,mi_rank,0.665
full_field,718,random_auth0,0.69
full_field,719,greedy,0.72
full_field,719,static,0.7
full_field,719,mi_rank,0.685
full_field,719,random_auth0,0.705
full_field,720,greedy,0.69
full_field,720,static,0.76
full_field,720,mi_rank,0.75
full_field,720,random_auth0,0.69
full_field,721,greedy,0.695
full_field,721,static,0.78
full_field,721,mi_rank,0.74
full_field,721,random_auth0,0.7
full_field,722,greedy,0.705
full_field,722,static,0.715
full_field,722,mi_rank,0.745
full_field,722,random_auth0,0.75
full_field,723,greedy,0.71
full_field,723,static,0.705
full_field,723,mi_rank,0.705
full_field,723,random_auth0,0.69
full_field,724,greedy,0.685
full_field,724,static,0.7
full_field,724,mi_rank,0.75
full_field,724,random_auth0,0.715
full_field,725,greedy,0.73
full_field,725,static,0.685
full_field,725,mi_rank,0.72
full_field,725,random_auth0,0.7
full_field,726,greedy,0.75
full_field,726,static,0.68
full_field,726,mi_rank,0.775
full_field,726,random_auth0,0.705
full_field,727,greedy,0.71
full_field,727,static,0.755
full_field,727,mi_rank,0.72
full_field,727,random_auth0,0.75
full_field,728,greedy,0.73
full_field,728,static,0.685
full_field,728,mi_rank,0.665
full_field,728,random_auth0,0.73
full_field,729,greedy,0.75
full_field,729,static,0.72
full_field,729,mi_rank,0.745
full_field,729,random_auth0,0.685
full_field,730,greedy,0.72
full_field,730,static,0.735
full_field,730,mi_rank,0.75
full_field,730,random_auth0,0.715
full_field,731,greedy,0.725
full_field,731,static,0.68
full_field,731,mi_rank,0.665
full_field,731,random_auth0,0.7
full_field,732,greedy,0.71
full_field,732,static,0.705
full_field,732,mi_rank,0.715
full_field,732,random_auth0,0.7
full_field,733,greedy,0.74
full_field,733,static,0.71
full_field,733,mi_rank,0.745
full_field,733,random_auth0,0.695
full_field,734,greedy,0.735
full_field,734,static,0.735
full_field,734,mi_rank,0.67
full_field,734,random_auth0,0.77
full_field,735,greedy,0.68
full_field,735,static,0.72
full_field,735,mi_rank,0.73
full_field,735,random_auth0,0.695
full_field,736,greedy,0.725
full_field,736,static,0.725
full_field,736,mi_rank,0.745
full_field,736,random_auth0,0.69
full_field,737,greedy,0.68
full_field,737,static,0.725
full_field,737,mi_rank,0.695
full_field,737,random_auth0,0.72
full_field,738,greedy,0.735
full_field,738,static,0.765
full_field,738,mi_rank,0.76
full_field,738,random_auth0,0.74
full_field,739,greedy,0.755
full_field,739,static,0.735
full_field,739,mi_rank,0.715
full_field,739,random_auth0,0.7
full_field,740,greedy,0.69
full_field,740,static,0.7
full_field,740,mi_rank,0.69
full_field,740,random_auth0,0.71
full_field,741,greedy,0.66
full_field,741,static,0.715
full_field,741,mi_rank,0.73
full_field,741,random_auth0,0.675
full_field,742,greedy,0.735
full_field,742,static,0.745
full_field,742,mi_rank,0.7
full_field,742,random_auth0,0.715
full_field,743,greedy,0.745
full_field,743,static,0.735
full_field,743,mi_rank,0.74
full_field,743,random_auth0,0.715
full_field,744,greedy,0.74
full_field,744,static,0.715
full_field,744,mi_rank,0.76
full_field,744,random_auth0,0.725
full_field,745,greedy,0.67
full_field,745,static,0.71
full_field,745,mi_rank,0.715
full_field,745,random_auth0,0.73
full_field,746,greedy,0.72
full_field,746,static,0.77
full_field,746,mi_rank,0.69
full_field,746,random_auth0,0.67
full_field,747,greedy,0.725
full_field,747,static,0.745
full_field,747,mi_rank,0.715
full_field,747,random_auth0,0.7
full_field,748,greedy,0.765
full_field,748,static,0.715
full_field,748,mi_rank,0.69
full_field,748,random_auth0,0.71
full_field,749,greedy,0.715
full_field,749,static,0.77
full_field,749,mi_rank,0.74
full_field,749,random_auth0,0.72
full_field,750,greedy,0.73
full_field,750,static,0.72
full_field,750,mi_rank,0.685
full_field,750,random_auth0,0.74
full_field,751,greedy,0.745
full_field,751,static,0.745
full_field,751,mi_rank,0.72
full_field,751,random_auth0,0.72
full_field,752,greedy,0.725
full_field,752,static,0.695
full_field,752,mi_rank,0.69
full_field,752,random_auth0,0.71
full_field,753,greedy,0.72
full_field,753,static,0.755
full_field,753,mi_rank,0.74
full_field,753,random_auth0,0.715
full_field,754,greedy,0.725
full_field,754,static,0.725
full_field,754,mi_rank,0.7
full_field,754,random_auth0,0.73
full_field,755,greedy,0.72
full_field,755,static,0.72
full_field,755,mi_rank,0.73
full_field,755,random_auth0,0.71
full_field,756,greedy,0.73
full_field,756,static,0.705
full_field,756,mi_rank,0.765
full_field,756,random_auth0,0.725
full_field,757,greedy,0.745
full_field,757,static,0.675
full_field,757,mi_rank,0.65
full_field,757,random_auth0,0.71
full_field,758,greedy,0.725
full_field,758,static,0.75
full_field,758,mi_rank,0.75
full_field,758,random_auth0,0.68
full_field,759,greedy,0.75
full_field,759,static,0.72
full_field,759,mi_rank,0.695
full_field,759,random_auth0,0.685
full_field,760,greedy,0.74
full_field,760,static,0.77
full_field,760,mi_rank,0.7
full_field,760,random_auth0,0.68
full_field,761,greedy,0.73
full_field,761,static,0.695
full_field,761,mi_rank,0.67
full_field,761,random_auth0,0.68
full_field,762,greedy,0.725
full_field,762,static,0.73
full_field,762,mi_rank,0.745
full_field,762,random_auth0,0.735
full_field,763,greedy,0.725
full_field,763,static,0.73
full_field,763,mi_rank,0.72
full_field,763,random_auth0,0.72
full_field,764,greedy,0.72
full_field,764,static,0.7
full_field,764,mi_rank,0.76
full_field,764,random_auth0,0.67
full_field,765,greedy,0.785
full_field,765,static,0.635
full_field,765,mi_rank,0.75
full_field,765,random_auth0,0.78
full_field,766,greedy,0.69
full_field,766,static,0.68
full_field,766,mi_rank,0.695
full_field,766,random_auth0,0.735
full_field,767,greedy,0.745
full_field,767,static,0.7
full_field,767,mi_rank,0.685
full_field,767,random_auth0,0.72
full_field,768,greedy,0.735
full_field,768,static,0.735
full_field,768,mi_rank,0.685
full_field,768,random_auth0,0.715
full_field,769,greedy,0.72
full_field,769,static,0.725
full_field,769,mi_rank,0.745
full_field,769,random_auth0,0.725
full_field,770,greedy,0.68
full_field,770,static,0.67
full_field,770,mi_rank,0.715
full_field,770,random_auth0,0.745
full_field,771,greedy,0.71
full_field,771,static,0.705
full_field,771,mi_rank,0.71
full_field,771,random_auth0,0.675
full_field,772,greedy,0.72
full_field,772,static,0.73
full_field,772,mi_rank,0.705
full_field,772,random_auth0,0.7
full_field,773,greedy,0.72
full_field,773,static,0.685
full_field,773,mi_rank,0.72
full_field,773,random_auth0,0.74
full_field,774,greedy,0.7
full_field,774,static,0.74
full_field,774,mi_rank,0.68
full_field,774,random_auth0,0.675
full_field,775,greedy,0.7
full_field,775,static,0.72
full_field,775,mi_rank,0.725
full_field,775,random_auth0,0.705
full_field,776,greedy,0.725
full_field,776,static,0.745
full_field,776,mi_rank,0.755
full_field,776,random_auth0,0.725
full_field,777,greedy,0.725
full_field,777,static,0.745
full_field,777,mi_rank,0.76
full_field,777,random_auth0,0.705
full_field,778,greedy,0.76
full_field,778,static,0.665
full_field,778,mi_rank,0.665
full_field,778,random_auth0,0.675
full_field,779,greedy,0.735
full_field,779,static,0.695
full_field,779,mi_rank,0.72
full_field,779,random_auth0,0.75
full_field,780,greedy,0.77
full_field,780,static,0.705
full_field,780,mi_rank,0.695
full_field,780,random_auth0,0.635
full_field,781,greedy,0.74
full_field,781,static,0.735
full_field,781,mi_rank,0.735
full_field,781,random_auth0,0.7
full_field,782,greedy,0.725
full_field,782,static,0.735
full_field,782,mi_rank,0.745
full_field,782,random_auth0,0.68
full_field,783,greedy,0.71
full_field,783,static,0.75
full_field,783,mi_rank,0.755
full_field,783,random_auth0,0.735
full_field,784,greedy,0.735
full_field,784,static,0.76
full_field,784,mi_rank,0.715
full_field,784,random_auth0,0.715
full_field,785,greedy,0.695
full_field,785,static,0.75
full_field,785,mi_rank,0.7
full_field,785,random_auth0,0.685
full_field,786,greedy,0.71
full_field,786,static,0.76
full_field,786,mi_rank,0.735
full_field,786,random_auth0,0.655
full_field,787,greedy,0.72
full_field,787,static,0.695
full_field,787,mi_rank,0.725
full_field,787,random_auth0,0.74
full_field,788,greedy,0.755
full_field,788,static,0.73
full_field,788,mi_rank,0.705
full_field,788,random_auth0,0.705
full_field,789,greedy,0.745
full_field,789,static,0.71
full_field,789,mi_rank,0.7
full_field,789,random_auth0,0.72
full_field,790,greedy,0.68
full_field,790,static,0.715
full_field,790,mi_rank,0.67
full_field,790,random_auth0,0.655
full_field,791,greedy,0.665
full_field,791,static,0.735
full_field,791,mi_rank,0.72
full_field,791,random_auth0,0.705
full_field,792,greedy,0.75
full_field,792,static,0.685
full_field,792,mi_rank,0.725
full_field,792,random_auth0,0.71
full_field,793,greedy,0.71
full_field,793,static,0.75
full_field,793,mi_rank,0.775
full_field,793,random_auth0,0.715
full_field,794,greedy,0.7
full_field,794,static,0.73
full_field,794,mi_rank,0.715
full_field,794,random_auth0,0.74
full_field,795,greedy,0.745
full_field,795,static,0.77
full_field,795,mi_rank,0.725
full_field,795,random_auth0,0.73
full_field,796,greedy,0.785
full_field,796,static,0.755
full_field,796,mi_rank,0.705
full_field,796,random_auth0,0.73
full_field,797,greedy,0.725
full_field,797,static,0.67
full_field,797,mi_rank,0.71
full_field,797,random_auth0,0.69
full_field,798,greedy,0.74
full_field,798,static,0.795
full_field,798,mi_rank,0.755
full_field,798,random_auth0,0.77
full_field,799,greedy,0.795
full_field,799,static,0.725
full_field,799,mi_rank,0.77
full_field,799,random_auth0,0.655
full_field,800,greedy,0.71
full_field,800,static,0.76
full_field,800,mi_rank,0.765
full_field,800,random_auth0,0.745
full_field,801,greedy,0.755
full_field,801,static,0.72
full_field,801,mi_rank,0.715
full_field,801,random_auth0,0.745
full_field,802,greedy,0.76
full_field,802,static,0.725
full_field,802,mi_rank,0.7
full_field,802,random_auth0,0.675
full_field,803,greedy,0.745
full_field,803,static,0.765
full_field,803,mi_rank,0.725
full_field,803,random_auth0,0.715
full_field,804,greedy,0.725
full_field,804,static,0.695
full_field,804,mi_rank,0.74
full_field,804,random_auth0,0.725
full_field,805,greedy,0.725
full_field,805,static,0.73
full_field,805,mi_rank,0.73
full_field,805,random_auth0,0.755
full_field,806,greedy,0.715
full_field,806,static,0.715
full_field,806,mi_rank,0.735
full_field,806,random_auth0,0.73
full_field,807,greedy,0.705
full_field,807,static,0.725
full_field,807,mi_rank,0.71
full_field,807,random_auth0,0.785
full_field,808,greedy,0.645
full_field,808,static,0.71
full_field,808,mi_rank,0.71
full_field,808,random_auth0,0.715
full_field,809,greedy,0.765
full_field,809,static,0.725
full_field,809,mi_rank,0.77
full_field,809,random_auth0,0.685
full_field,810,greedy,0.735
full_field,810,static,0.72
full_field,810,mi_rank,0.715
full_field,810,random_auth0,0.75
full_field,811,greedy,0.785
full_field,811,static,0.675
full_field,811,mi_rank,0.695
full_field,811,random_auth0,0.67
full_field,812,greedy,0.65
full_field,812,static,0.715
full_field,812,mi_rank,0.735
full_field,812,random_auth0,0.695
full_field,813,greedy,0.785
full_field,813,static,0.69
full_field,813,mi_rank,0.685
full_field,813,random_auth0,0.695
full_field,814,greedy,0.675
full_field,814,static,0.7
full_field,814,mi_rank,0.75
full_field,814,random_auth0,0.685
full_field,815,greedy,0.725
full_field,815,static,0.735
full_field,815,mi_rank,0.76
full_field,815,random_auth0,0.68
full_field,816,greedy,0.74
full_field,816,static,0.71
full_field,816,mi_rank,0.72
full_field,816,random_auth0,0.73
full_field,817,greedy,0.76
full_field,817,static,0.705
full_field,817,mi_rank,0.72
full_field,817,random_auth0,0.685
full_field,818,greedy,0.67
full_field,818,static,0.69
full_field,818,mi_rank,0.69
full_field,818,random_auth0,0.67
full_field,819,greedy,0.7
full_field,819,static,0.72
full_field,819,mi_rank,0.7
full_field,819,random_auth0,0.705
full_field,820,greedy,0.77
full_field,820,static,0.72
full_field,820,mi_rank,0.735
full_field,820,random_auth0,0.72
full_field,821,greedy,0.765
full_field,821,static,0.7
full_field,821,mi_rank,0.7
full_field,821,random_auth0,0.735
full_field,822,greedy,0.715
full_field,822,static,0.705
full_field,822,mi_rank,0.735
full_field,822,random_auth0,0.715
full_field,823,greedy,0.72
full_field,823,static,0.74
full_field,823,mi_rank,0.755
full_field,823,random_auth0,0.665
full_field,824,greedy,0.74
full_field,824,static,0.69
full_field,824,mi_rank,0.68
full_field,824,random_auth0,0.69
full_field,825,greedy,0.77
full_field,825,static,0.725
full_field,825,mi_rank,0.675
full_field,825,random_auth0,0.775
full_field,826,greedy,0.715
full_field,826,static,0.69
full_field,826,mi_rank,0.74
full_field,826,random_auth0,0.7
full_field,827,greedy,0.71
full_field,827,static,0.67
full_field,827,mi_rank,0.76
full_field,827,random_auth0,0.735
full_field,828,greedy,0.665
full_field,828,static,0.78
full_field,828,mi_rank,0.725
full_field,828,random_auth0,0.725
full_field,829,greedy,0.735
full_field,829,static,0.705
full_field,829,mi_rank,0.695
full_field,829,random_auth0,0.685
full_field,830,greedy,0.705
full_field,830,static,0.725
full_field,830,mi_rank,0.74
full_field,830,random_auth0,0.685
full_field,831,greedy,0.705
full_field,831,static,0.725
full_field,831,mi_rank,0.725
full_field,831,random_auth0,0.725
full_field,832,greedy,0.735
full_field,832,static,0.67
full_field,832,mi_rank,0.67
full_field,832,random_auth0,0.7
full_field,833,greedy,0.645
full_field,833,static,0.65
full_field,833,mi_rank,0.74
full_field,833,random_auth0,0.67
full_field,834,greedy,0.72
full_field,834,static,0.75
full_field,834,mi_rank,0.755
full_field,834,random_auth0,0.705
full_field,835,greedy,0.74
full_field,835,static,0.72
full_field,835,mi_rank,0.685
full_field,835,random_auth0,0.71
full_field,836,greedy,0.75
full_field,836,static,0.73
full_field,836,mi_rank,0.74
full_field,836,random_auth0,0.715
full_field,837,greedy,0.755
full_field,837,static,0.71
full_field,837,mi_rank,0.76
full_field,837,random_auth0,0.735
full_field,838,greedy,0.76
full_field,838,static,0.7
full_field,838,mi_rank,0.78
full_field,838,random_auth0,0.73
full_field,839,greedy,0.65
full_field,839,static,0.675
full_field,839,mi_rank,0.695
full_field,839,random_auth0,0.63
full_field,840,greedy,0.705
full_field,840,static,0.74
full_field,840,mi_rank,0.755
full_field,840,random_auth0,0.705
full_field,841,greedy,0.75
full_field,841,static,0.745
full_field,841,mi_rank,0.725
full_field,841,random_auth0,0.685
full_field,842,greedy,0.775
full_field,842,static,0.74
full_field,842,mi_rank,0.755
full_field,842,random_auth0,0.745
full_field,843,greedy,0.725
full_field,843,static,0.685
full_field,843,mi_rank,0.72
full_field,843,random_auth0,0.705
full_field,844,greedy,0.75
full_field,844,static,0.7
full_field,844,mi_rank,0.75
full_field,844,random_auth0,0.715
full_field,845,greedy,0.745
full_field,845,static,0.72
full_field,845,mi_rank,0.74
full_field,845,random_auth0,0.74
full_field,846,greedy,0.75
full_field,846,static,0.685
full_field,846,mi_rank,0.725
full_field,846,random_auth0,0.69
full_field,847,greedy,0.69
full_field,847,static,0.71
full_field,847,mi_rank,0.7
full_field,847,random_auth0,0.71
full_field,848,greedy,0.695
full_field,848,static,0.715
full_field,848,mi_rank,0.72
full_field,848,random_auth0,0.745
full_field,849,greedy,0.67
full_field,849,static,0.71
full_field,849,mi_rank,0.73
full_field,849,random_auth0,0.725
full_field,850,greedy,0.785
full_field,850,static,0.65
full_field,850,mi_rank,0.685
full_field,850,random_auth0,0.725
full_field,851,greedy,0.715
full_field,851,static,0.75
full_field,851,mi_rank,0.71
full_field,851,random_auth0,0.735
full_field,852,greedy,0.715
full_field,852,static,0.695
full_field,852,mi_rank,0.71
full_field,852,random_auth0,0.74
full_field,853,greedy,0.71
full_field,853,static,0.705
full_field,853,mi_rank,0.695
full_field,853,random_auth0,0.71
full_field,854,greedy,0.77
full_field,854,static,0.7
full_field,854,mi_rank,0.725
full_field,854,random_auth0,0.745
full_field,855,greedy,0.72
full_field,855,static,0.725
full_field,855,mi_rank,0.74
full_field,855,random_auth0,0.715
full_field,856,greedy,0.74
full_field,856,static,0.685
full_field,856,mi_rank,0.72
full_field,856,random_auth0,0.705
full_field,857,greedy,0.68
full_field,857,static,0.705
full_field,857,mi_rank,0.675
full_field,857,random_auth0,0.67
full_field,858,greedy,0.685
full_field,858,static,0.745
full_field,858,mi_rank,0.725
full_field,858,random_auth0,0.71
full_field,859,greedy,0.73
full_field,859,static,0.705
full_field,859,mi_rank,0.81
full_field,859,random_auth0,0.71
full_field,860,greedy,0.735
full_field,860,static,0.735
full_field,860,mi_rank,0.7
full_field,860,random_auth0,0.705
full_field,861,greedy,0.665
full_field,861,static,0.68
full_field,861,mi_rank,0.665
full_field,861,random_auth0,0.65
full_field,862,greedy,0.715
full_field,862,static,0.745
full_field,862,mi_rank,0.74
full_field,862,random_auth0,0.72
full_field,863,greedy,0.71
full_field,863,static,0.755
full_field,863,mi_rank,0.75
full_field,863,random_auth0,0.705
full_field,864,greedy,0.72
full_field,864,static,0.745
full_field,864,mi_rank,0.715
full_field,864,random_auth0,0.74
full_field,865,greedy,0.69
full_field,865,static,0.725
full_field,865,mi_rank,0.68
full_field,865,random_auth0,0.69
full_field,866,greedy,0.745
full_field,866,static,0.715
full_field,866,mi_rank,0.775
full_field,866,random_auth0,0.72
full_field,867,greedy,0.735
full_field,867,static,0.73
full_field,867,mi_rank,0.72
full_field,867,random_auth0,0.71
full_field,868,greedy,0.72
full_field,868,static,0.705
full_field,868,mi_rank,0.715
full_field,868,random_auth0,0.72
full_field,869,greedy,0.725
full_field,869,static,0.755
full_field,869,mi_rank,0.715
full_field,869,random_auth0,0.715
full_field,870,greedy,0.735
full_field,870,static,0.79
full_field,870,mi_rank,0.725
full_field,870,random_auth0,0.71
full_field,871,greedy,0.76
full_field,871,static,0.715
full_field,871,mi_rank,0.72
full_field,871,random_auth0,0.73
full_field,872,greedy,0.725
full_field,872,static,0.725
full_field,872,mi_rank,0.71
full_field,872,random_auth0,0.755
full_field,873,greedy,0.695
full_field,873,static,0.73
full_field,873,mi_rank,0.695
full_field,873,random_auth0,0.745
full_field,874,greedy,0.73
full_field,874,static,0.705
full_field,874,mi_rank,0.755
full_field,874,random_auth0,0.69
full_field,875,greedy,0.755
full_field,875,static,0.71
full_field,875,mi_rank,0.705
full_field,875,random_auth0,0.74
full_field,876,greedy,0.69
full_field,876,static,0.67
full_field,876,mi_rank,0.73
full_field,876,random_auth0,0.715
full_field,877,greedy,0.755
full_field,877,static,0.775
full_field,877,mi_rank,0.735
full_field,877,random_auth0,0.725
full_field,878,greedy,0.76
full_field,878,static,0.72
full_field,878,mi_rank,0.71
full_field,878,random_auth0,0.715
full_field,879,greedy,0.71
full_field,879,static,0.71
full_field,879,mi_rank,0.685
full_field,879,random_auth0,0.695
full_field,880,greedy,0.745
full_field,880,static,0.76
full_field,880,mi_rank,0.755
full_field,880,random_auth0,0.765
full_field,881,greedy,0.745
full_field,881,static,0.73
full_field,881,mi_rank,0.71
full_field,881,random_auth0,0.715
full_field,882,greedy,0.77
full_field,882,static,0.735
full_field,882,mi_rank,0.775
full_field,882,random_auth0,0.665
full_field,883,greedy,0.71
full_field,883,static,0.725
full_field,883,mi_rank,0.715
full_field,883,random_auth0,0.74
full_field,884,greedy,0.715
full_field,884,static,0.685
full_field,884,mi_rank,0.71
full_field,884,random_auth0,0.68
full_field,885,greedy,0.76
full_field,885,static,0.755
full_field,885,mi_rank,0.73
full_field,885,random_auth0,0.74
full_field,886,greedy,0.685
full_field,886,static,0.67
full_field,886,mi_rank,0.665
full_field,886,random_auth0,0.68
full_field,887,greedy,0.765
full_field,887,static,0.705
full_field,887,mi_rank,0.735
full_field,887,random_auth0,0.64
full_field,888,greedy,0.69
full_field,888,static,0.685
full_field,888,mi_rank,0.685
full_field,888,random_auth0,0.735
full_field,889,greedy,0.715
full_field,889,static,0.665
full_field,889,mi_rank,0.715
full_field,889,random_auth0,0.75
full_field,890,greedy,0.765
full_field,890,static,0.69
full_field,890,mi_rank,0.715
full_field,890,random_auth0,0.69
full_field,891,greedy,0.69
full_field,891,static,0.73
full_field,891,mi_rank,0.74
full_field,891,random_auth0,0.705
full_field,892,greedy,0.67
full_field,892,static,0.74
full_field,892,mi_rank,0.71
full_field,892,random_auth0,0.74
full_field,893,greedy,0.705
full_field,893,static,0.705
full_field,893,mi_rank,0.68
full_field,893,random_auth0,0.765
full_field,894,greedy,0.69
full_field,894,static,0.755
full_field,894,mi_rank,0.76
full_field,894,random_auth0,0.68
full_field,895,greedy,0.775
full_field,895,static,0.715
full_field,895,mi_rank,0.745
full_field,895,random_auth0,0.68
full_field,896,greedy,0.69
full_field,896,static,0.73
full_field,896,mi_rank,0.74
full_field,896,random_auth0,0.735
full_field,897,greedy,0.715
full_field,897,static,0.76
full_field,897,mi_rank,0.765
full_field,897,random_auth0,0.66
full_field,898,greedy,0.755
full_field,898,static,0.735
full_field,898,mi_rank,0.725
full_field,898,random_auth0,0.72
full_field,899,greedy,0.67
full_field,899,static,0.75
full_field,899,mi_rank,0.725
full_field,899,random_auth0,0.685
full_field,900,greedy,0.72
full_field,900,static,0.725
full_field,900,mi_rank,0.725
full_field,900,random_auth0,0.705
full_field,901,greedy,0.69
full_field,901,static,0.66
full_field,901,mi_rank,0.735
full_field,901,random_auth0,0.735
full_field,902,greedy,0.735
full_field,902,static,0.715
full_field,902,mi_rank,0.765
full_field,902,random_auth0,0.7
full_field,903,greedy,0.705
full_field,903,static,0.715
full_field,903,mi_rank,0.75
full_field,903,random_auth0,0.72
full_field,904,greedy,0.7
full_field,904,static,0.735
full_field,904,mi_rank,0.755
full_field,904,random_auth0,0.665
full_field,905,greedy,0.695
full_field,905,static,0.705
full_field,905,mi_rank,0.73
full_field,905,random_auth0,0.665
full_field,906,greedy,0.685
full_field,906,static,0.725
full_field,906,mi_rank,0.705
full_field,906,random_auth0,0.655
full_field,907,greedy,0.715
full_field,907,static,0.71
full_field,907,mi_rank,0.67
full_field,907,random_auth0,0.685
full_field,908,greedy,0.67
full_field,908,static,0.74
full_field,908,mi_rank,0.705
full_field,908,random_auth0,0.7
full_field,909,greedy,0.695
full_field,909,static,0.725
full_field,909,mi_rank,0.715
full_field,909,random_auth0,0.675
full_field,910,greedy,0.73
full_field,910,static,0.76
full_field,910,mi_rank,0.74
full_field,910,random_auth0,0.67
full_field,911,greedy,0.74
full_field,911,static,0.7
full_field,911,mi_rank,0.735
full_field,911,random_auth0,0.7
full_field,912,greedy,0.71
full_field,912,static,0.705
full_field,912,mi_rank,0.67
full_field,912,random_auth0,0.695
full_field,913,greedy,0.685
full_field,913,static,0.715
full_field,913,mi_rank,0.775
full_field,913,random_auth0,0.75
full_field,914,greedy,0.755
full_field,914,static,0.745
full_field,914,mi_rank,0.725
full_field,914,random_auth0,0.71
full_field,915,greedy,0.675
full_field,915,static,0.72
full_field,915,mi_rank,0.71
full_field,915,random_auth0,0.74
full_field,916,greedy,0.75
full_field,916,static,0.675
full_field,916,mi_rank,0.775
full_field,916,random_auth0,0.76
full_field,917,greedy,0.72
full_field,917,static,0.75
full_field,917,mi_rank,0.72
full_field,917,random_auth0,0.665
full_field,918,greedy,0.79
full_field,918,static,0.755
full_field,918,mi_rank,0.72
full_field,918,random_auth0,0.705
full_field,919,greedy,0.745
full_field,919,static,0.755
full_field,919,mi_rank,0.77
full_field,919,random_auth0,0.715
full_field,920,greedy,0.725
full_field,920,static,0.67
full_field,920,mi_rank,0.735
full_field,920,random_auth0,0.715
full_field,921,greedy,0.72
full_field,921,static,0.715
full_field,921,mi_rank,0.74
full_field,921,random_auth0,0.755
full_field,922,greedy,0.73
full_field,922,static,0.725
full_field,922,mi_rank,0.68
full_field,922,random_auth0,0.71
full_field,923,greedy,0.745
full_field,923,static,0.69
full_field,923,mi_rank,0.73
full_field,923,random_auth0,0.685
full_field,924,greedy,0.75
full_field,924,static,0.745
full_field,924,mi_rank,0.775
full_field,924,random_auth0,0.705
full_field,925,greedy,0.69
full_field,925,static,0.66
full_field,925,mi_rank,0.685
full_field,925,random_auth0,0.72
full_field,926,greedy,0.71
full_field,926,static,0.7
full_field,926,mi_rank,0.73
full_field,926,random_auth0,0.695
full_field,927,greedy,0.725
full_field,927,static,0.77
full_field,927,mi_rank,0.75
full_field,927,random_auth0,0.715
full_field,928,greedy,0.745
full_field,928,static,0.695
full_field,928,mi_rank,0.725
full_field,928,random_auth0,0.73
full_field,929,greedy,0.75
full_field,929,static,0.715
full_field,929,mi_rank,0.695
full_field,929,random_auth0,0.69
full_field,930,greedy,0.745
full_field,930,static,0.695
full_field,930,mi_rank,0.75
full_field,930,random_auth0,0.68
full_field,931,greedy,0.71
full_field,931,static,0.72
full_field,931,mi_rank,0.735
full_field,931,random_auth0,0.685
full_field,932,greedy,0.715
full_field,932,static,0.765
full_field,932,mi_rank,0.775
full_field,932,random_auth0,0.655
full_field,933,greedy,0.675
full_field,933,static,0.68
full_field,933,mi_rank,0.695
full_field,933,random_auth0,0.735
full_field,934,greedy,0.725
full_field,934,static,0.72
full_field,934,mi_rank,0.73
full_field,934,random_auth0,0.655
full_field,935,greedy,0.725
full_field,935,static,0.675
full_field,935,mi_rank,0.7
full_field,935,random_auth0,0.67
full_field,936,greedy,0.69
full_field,936,static,0.71
full_field,936,mi_rank,0.72
full_field,936,random_auth0,0.725
full_field,937,greedy,0.73
full_field,937,static,0.755
full_field,937,mi_rank,0.75
full_field,937,random_auth0,0.72
full_field,938,greedy,0.775
full_field,938,static,0.685
full_field,938,mi_rank,0.7
full_field,938,random_auth0,0.68
full_field,939,greedy,0.72
full_field,939,static,0.715
full_field,939,mi_rank,0.74
full_field,939,random_auth0,0.715
full_field,940,greedy,0.715
full_field,940,static,0.72
full_field,940,mi_rank,0.745
full_field,940,random_auth0,0.69
full_field,941,greedy,0.74
full_field,941,static,0.7
full_field,941,mi_rank,0.725
full_field,941,random_auth0,0.72
full_field,942,greedy,0.76
full_field,942,static,0.695
full_field,942,mi_rank,0.72
full_field,942,random_auth0,0.735
full_field,943,greedy,0.74
full_field,943,static,0.73
full_field,943,mi_rank,0.7
full_field,943,random_auth0,0.66
full_field,944,greedy,0.735
full_field,944,static,0.715
full_field,944,mi_rank,0.725
full_field,944,random_auth0,0.715
full_field,945,greedy,0.7
full_field,945,static,0.725
full_field,945,mi_rank,0.695
full_field,945,random_auth0,0.715
full_field,946,greedy,0.705
full_field,946,static,0.72
full_field,946,mi_rank,0.735
full_field,946,random_auth0,0.695
full_field,947,greedy,0.71
full_field,947,static,0.675
full_field,947,mi_rank,0.7
full_field,947,random_auth0,0.7
full_field,948,greedy,0.73
full_field,948,static,0.735
full_field,948,mi_rank,0.735
full_field,948,random_auth0,0.69
full_field,949,greedy,0.695
full_field,949,static,0.66
full_field,949,mi_rank,0.695
full_field,949,random_auth0,0.76
full_field,950,greedy,0.695
full_field,950,static,0.725
full_field,950,mi_rank,0.72
full_field,950,random_auth0,0.77
full_field,951,greedy,0.685
full_field,951,static,0.74
full_field,951,mi_rank,0.7
full_field,951,random_auth0,0.67
full_field,952,greedy,0.715
full_field,952,static,0.75
full_field,952,mi_rank,0.73
full_field,952,random_auth0,0.725
full_field,953,greedy,0.745
full_field,953,static,0.66
full_field,953,mi_rank,0.735
full_field,953,random_auth0,0.71
full_field,954,greedy,0.73
full_field,954,static,0.725
full_field,954,mi_rank,0.72
full_field,954,random_auth0,0.695
full_field,955,greedy,0.76
full_field,955,static,0.735
full_field,955,mi_rank,0.73
full_field,955,random_auth0,0.745
full_field,956,greedy,0.79
full_field,956,static,0.725
full_field,956,mi_rank,0.695
full_field,956,random_auth0,0.76
full_field,957,greedy,0.74
full_field,957,static,0.77
full_field,957,mi_rank,0.705
full_field,957,random_auth0,0.725
full_field,958,greedy,0.76
full_field,958,static,0.735
full_field,958,mi_rank,0.735
full_field,958,random_auth0,0.73
full_field,959,greedy,0.725
full_field,959,static,0.725
full_field,959,mi_rank,0.705
full_field,959,random_auth0,0.715
full_field,960,greedy,0.715
full_field,960,static,0.715
full_field,960,mi_rank,0.71
full_field,960,random_auth0,0.7
full_field,961,greedy,0.76
full_field,961,static,0.74
full_field,961,mi_rank,0.675
full_field,961,random_auth0,0.71
full_field,962,greedy,0.735
full_field,962,static,0.7
full_field,962,mi_rank,0.705
full_field,962,random_auth0,0.675
full_field,963,greedy,0.72
full_field,963,static,0.695
full_field,963,mi_rank,0.74
full_field,963,random_auth0,0.695
full_field,964,greedy,0.69
full_field,964,static,0.675
full_field,964,mi_rank,0.75
full_field,964,random_auth0,0.72
full_field,965,greedy,0.72
full_field,965,static,0.69
full_field,965,mi_rank,0.665
full_field,965,random_auth0,0.685
full_field,966,greedy,0.735
full_field,966,static,0.745
full_field,966,mi_rank,0.705
full_field,966,random_auth0,0.735
full_field,967,greedy,0.725
full_field,967,static,0.72
full_field,967,mi_rank,0.705
full_field,967,random_auth0,0.655
full_field,968,greedy,0.71
full_field,968,static,0.695
full_field,968,mi_rank,0.725
full_field,968,random_auth0,0.66
full_field,969,greedy,0.715
full_field,969,static,0.755
full_field,969,mi_rank,0.83
full_field,969,random_auth0,0.745
full_field,970,greedy,0.7
full_field,970,static,0.75
full_field,970,mi_rank,0.7
full_field,970,random_auth0,0.7
full_field,971,greedy,0.695
full_field,971,static,0.68
full_field,971,mi_rank,0.64
full_field,971,random_auth0,0.74
full_field,972,greedy,0.78
full_field,972,static,0.68
full_field,972,mi_rank,0.71
full_field,972,random_auth0,0.67
full_field,973,greedy,0.705
full_field,973,static,0.72
full_field,973,mi_rank,0.755
full_field,973,random_auth0,0.685
full_field,974,greedy,0.715
full_field,974,static,0.75
full_field,974,mi_rank,0.71
full_field,974,random_auth0,0.685
full_field,975,greedy,0.7
full_field,975,static,0.74
full_field,975,mi_rank,0.73
full_field,975,random_auth0,0.7
full_field,976,greedy,0.725
full_field,976,static,0.72
full_field,976,mi_rank,0.705
full_field,976,random_auth0,0.765
full_field,977,greedy,0.72
full_field,977,static,0.72
full_field,977,mi_rank,0.69
full_field,977,random_auth0,0.76
full_field,978,greedy,0.7
full_field,978,static,0.695
full_field,978,mi_rank,0.76
full_field,978,random_auth0,0.73
full_field,979,greedy,0.715
full_field,979,static,0.665
full_field,979,mi_rank,0.655
full_field,979,random_auth0,0.725
full_field,980,greedy,0.68
full_field,980,static,0.7
full_field,980,mi_rank,0.725
full_field,980,random_auth0,0.725
full_field,981,greedy,0.665
full_field,981,static,0.665
full_field,981,mi_rank,0.725
full_field,981,random_auth0,0.67
full_field,982,greedy,0.69
full_field,982,static,0.75
full_field,982,mi_rank,0.735
full_field,982,random_auth0,0.725
full_field,983,greedy,0.7
full_field,983,static,0.69
full_field,983,mi_rank,0.695
full_field,983,random_auth0,0.74
full_field,984,greedy,0.7
full_field,984,static,0.73
full_field,984,mi_rank,0.75
full_field,984,random_auth0,0.71
full_field,985,greedy,0.76
full_field,985,static,0.8
full_field,985,mi_rank,0.765
full_field,985,random_auth0,0.745
full_field,986,greedy,0.75
full_field,986,static,0.695
full_field,986,mi_rank,0.685
full_field,986,random_auth0,0.715
full_field,987,greedy,0.685
full_field,987,static,0.73
full_field,987,mi_rank,0.725
full_field,987,random_auth0,0.685
full_field,988,greedy,0.74
full_field,988,static,0.68
full_field,988,mi_rank,0.71
full_field,988,random_auth0,0.705
full_field,989,greedy,0.645
full_field,989,static,0.76
full_field,989,mi_rank,0.73
full_field,989,random_auth0,0.75
full_field,990,greedy,0.71
full_field,990,static,0.71
full_field,990,mi_rank,0.71
full_field,990,random_auth0,0.765
full_field,991,greedy,0.725
full_field,991,static,0.74
full_field,991,mi_rank,0.745
full_field,991,random_auth0,0.735
full_field,992,greedy,0.735
full_field,992,static,0.715
full_field,992,mi_rank,0.775
full_field,992,random_auth0,0.735
full_field,993,greedy,0.755
full_field,993,static,0.705
full_field,993,mi_rank,0.73
full_field,993,random_auth0,0.725
full_field,994,greedy,0.775
full_field,994,static,0.72
full_field,994,mi_rank,0.72
full_field,994,random_auth0,0.69
full_field,995,greedy,0.7
full_field,995,static,0.745
full_field,995,mi_rank,0.725
full_field,995,random_auth0,0.745
full_field,996,greedy,0.69
full_field,996,static,0.725
full_field,996,mi_rank,0.675
full_field,996,random_auth0,0.72
full_field,997,greedy,0.73
full_field,997,static,0.71
full_field,997,mi_rank,0.715
full_field,997,random_auth0,0.705
full_field,998,greedy,0.675
full_field,998,static,0.66
full_field,998,mi_rank,0.7
full_field,998,random_auth0,0.735
full_field,999,greedy,0.745
full_field,999,static,0.69
full_field,999,mi_rank,0.755
full_field,999,random_auth0,0.695
byte_domain,0,greedy,0.74
byte_domain,0,static,0.74
byte_domain,0,mi_rank,0.74
byte_domain,0,random_auth0,0.74
byte_domain,1,greedy,0.69
byte_domain,1,static,0.715
byte_domain,1,mi_rank,0.715
byte_domain,1,random_auth0,0.75
byte_domain,2,greedy,0.77
byte_domain,2,static,0.745
byte_domain,2,mi_rank,0.745
byte_domain,2,random_auth0,0.75
byte_domain,3,greedy,0.71
byte_domain,3,static,0.72
byte_domain,3,mi_rank,0.72
byte_domain,3,random_auth0,0.725
byte_domain,4,greedy,0.73
byte_domain,4,static,0.745
byte_domain,4,mi_rank,0.745
byte_domain,4,random_auth0,0.775
byte_domain,5,greedy,0.765
byte_domain,5,static,0.755
byte_domain,5,mi_rank,0.755
byte_domain,5,random_auth0,0.725
byte_domain,6,greedy,0.725
byte_domain,6,static,0.735
byte_domain,6,mi_rank,0.735
byte_domain,6,random_auth0,0.765
byte_domain,7,greedy,0.685
byte_domain,7,static,0.76
byte_domain,7,mi_rank,0.76
byte_domain,7,random_auth0,0.68
byte_domain,8,greedy,0.735
byte_domain,8,static,0.76
byte_domain,8,mi_rank,0.76
byte_domain,8,random_auth0,0.74
byte_domain,9,greedy,0.74
byte_domain,9,static,0.695
byte_domain,9,mi_rank,0.695
byte_domain,9,random_auth0,0.735
byte_domain,10,greedy,0.74
byte_domain,10,static,0.71
byte_domain,10,mi_rank,0.71
byte_domain,10,random_auth0,0.66
byte_domain,11,greedy,0.715
byte_domain,11,static,0.72
byte_domain,11,mi_rank,0.72
byte_domain,11,random_auth0,0.735
byte_domain,12,greedy,0.755
byte_domain,12,static,0.71
byte_domain,12,mi_rank,0.71
byte_domain,12,random_auth0,0.75
byte_domain,13,greedy,0.775
byte_domain,13,static,0.7
byte_domain,13,mi_rank,0.7
byte_domain,13,random_auth0,0.71
byte_domain,14,greedy,0.705
byte_domain,14,static,0.75
byte_domain,14,mi_rank,0.75
byte_domain,14,random_auth0,0.7
byte_domain,15,greedy,0.71
byte_domain,15,static,0.74
byte_domain,15,mi_rank,0.74
byte_domain,15,random_auth0,0.715
byte_domain,16,greedy,0.74
byte_domain,16,static,0.72
byte_domain,16,mi_rank,0.72
byte_domain,16,random_auth0,0.785
byte_domain,17,greedy,0.72
byte_domain,17,static,0.69
byte_domain,17,mi_rank,0.69
byte_domain,17,random_auth0,0.675
byte_domain,18,greedy,0.76
byte_domain,18,static,0.725
byte_domain,18,mi_rank,0.725
byte_domain,18,random_auth0,0.68
byte_domain,19,greedy,0.745
byte_domain,19,static,0.73
byte_domain,19,mi_rank,0.73
byte_domain,19,random_auth0,0.71
byte_domain,20,greedy,0.745
byte_domain,20,static,0.69
byte_domain,20,mi_rank,0.69
byte_domain,20,random_auth0,0.685
byte_domain,21,greedy,0.71
byte_domain,21,static,0.715
byte_domain,21,mi_rank,0.715
byte_domain,21,random_auth0,0.725
byte_domain,22,greedy,0.705
byte_domain,22,static,0.71
byte_domain,22,mi_rank,0.71
byte_domain,22,random_auth0,0.705
byte_domain,23,greedy,0.745
byte_domain,23,static,0.74
byte_domain,23,mi_rank,0.74
byte_domain,23,random_auth0,0.725
byte_domain,24,greedy,0.75
byte_domain,24,static,0.75
byte_domain,24,mi_rank,0.75
byte_domain,24,random_auth0,0.725
byte_domain,25,greedy,0.705
byte_domain,25,static,0.72
byte_domain,25,mi_rank,0.72
byte_domain,25,random_auth0,0.745
byte_domain,26,greedy,0.73
byte_domain,26,static,0.73
byte_domain,26,mi_rank,0.73
byte_domain,26,random_auth0,0.745
byte_domain,27,greedy,0.745
byte_domain,27,static,0.71
byte_domain,27,mi_rank,0.71
byte_domain,27,random_auth0,0.685
byte_domain,28,greedy,0.735
byte_domain,28,static,0.745
byte_domain,28,mi_rank,0.745
byte_domain,28,random_auth0,0.735
byte_domain,29,greedy,0.71
byte_domain,29,static,0.74
byte_domain,29,mi_rank,0.74
byte_domain,29,random_auth0,0.74
byte_domain,30,greedy,0.7
byte_domain,30,static,0.695
byte_domain,30,mi_rank,0.695
byte_domain,30,random_auth0,0.695
byte_domain,31,greedy,0.77
byte_domain,31,static,0.725
byte_domain,31,mi_rank,0.725
byte_domain,31,random_auth0,0.68
byte_domain,32,greedy,0.75
byte_domain,32,static,0.765
byte_domain,32,mi_rank,0.765
byte_domain,32,random_auth0,0.68
byte_domain,33,greedy,0.73
byte_domain,33,static,0.715
byte_domain,33,mi_rank,0.715
byte_domain,33,random_auth0,0.75
byte_domain,34,greedy,0.7
byte_domain,34,static,0.75
byte_domain,34,mi_rank,0.75
byte_domain,34,random_auth0,0.69
byte_domain,35,greedy,0.64
byte_domain,35,static,0.725
byte_domain,35,mi_rank,0.725
byte_domain,35,random_auth0,0.72
byte_domain,36,greedy,0.755
byte_domain,36,static,0.735
byte_domain,36,mi_rank,0.735
byte_domain,36,random_auth0,0.725
byte_domain,37,greedy,0.715
byte_domain,37,static,0.75
byte_domain,37,mi_rank,0.75
byte_domain,37,random_auth0,0.75
byte_domain,38,greedy,0.75
byte_domain,38,static,0.745
byte_domain,38,mi_rank,0.745
byte_domain,38,random_auth0,0.73
byte_domain,39,greedy,0.735
byte_domain,39,static,0.745
byte_domain,39,mi_rank,0.745
byte_domain,39,random_auth0,0.68
byte_domain,40,greedy,0.755
byte_domain,40,static,0.765
byte_domain,40,mi_rank,0.765
byte_domain,40,random_auth0,0.675
byte_domain,41,greedy,0.695
byte_domain,41,static,0.715
byte_domain,41,mi_rank,0.715
byte_domain,41,random_auth0,0.715
byte_domain,42,greedy,0.745
byte_domain,42,static,0.7
byte_domain,42,mi_rank,0.7
byte_domain,42,random_auth0,0.71
byte_domain,43,greedy,0.77
byte_domain,43,static,0.695
byte_domain,43,mi_rank,0.695
byte_domain,43,random_auth0,0.725
byte_domain,44,greedy,0.775
byte_domain,44,static,0.75
byte_domain,44,mi_rank,0.75
byte_domain,44,random_auth0,0.755
byte_domain,45,greedy,0.705
byte_domain,45,static,0.74
byte_domain,45,mi_rank,0.74
byte_domain,45,random_auth0,0.715
byte_domain,46,greedy,0.74
byte_domain,46,static,0.72
byte_domain,46,mi_rank,0.72
byte_domain,46,random_auth0,0.725
byte_domain,47,greedy,0.77
byte_domain,47,static,0.745
byte_domain,47,mi_rank,0.745
byte_domain,47,random_auth0,0.745
byte_domain,48,greedy,0.78
byte_domain,48,static,0.71
byte_domain,48,mi_rank,0.71
byte_domain,48,random_auth0,0.7
byte_domain,49,greedy,0.805
byte_domain,49,static,0.72
byte_domain,49,mi_rank,0.72
byte_domain,49,random_auth0,0.62
byte_domain,50,greedy,0.68
byte_domain,50,static,0.745
byte_domain,50,mi_rank,0.745
byte_domain,50,random_auth0,0.765
byte_domain,51,greedy,0.705
byte_domain,51,static,0.73
byte_domain,51,mi_rank,0.73
byte_domain,51,random_auth0,0.72
byte_domain,52,greedy,0.715
byte_domain,52,static,0.775
byte_domain,52,mi_rank,0.775
byte_domain,52,random_auth0,0.7
byte_domain,53,greedy,0.7
byte_domain,53,static,0.67
byte_domain,53,mi_rank,0.67
byte_domain,53,random_auth0,0.735
byte_domain,54,greedy,0.775
byte_domain,54,static,0.71
byte_domain,54,mi_rank,0.71
byte_domain,54,random_auth0,0.715
byte_domain,55,greedy,0.71
byte_domain,55,static,0.73
byte_domain,55,mi_rank,0.73
byte_domain,55,random_auth0,0.715
byte_domain,56,greedy,0.725
byte_domain,56,static,0.76
byte_domain,56,mi_rank,0.76
byte_domain,56,random_auth0,0.785
byte_domain,57,greedy,0.825
byte_domain,57,static,0.7
byte_domain,57,mi_rank,0.7
byte_domain,57,random_auth0,0.75
byte_domain,58,greedy,0.72
byte_domain,58,static,0.7
byte_domain,58,mi_rank,0.7
byte_domain,58,random_auth0,0.72
byte_domain,59,greedy,0.72
byte_domain,59,static,0.795
byte_domain,59,mi_rank,0.795
byte_domain,59,random_auth0,0.705
byte_domain,60,greedy,0.69
byte_domain,60,static,0.695
byte_domain,60,mi_rank,0.695
byte_domain,60,random_auth0,0.725
byte_domain,61,greedy,0.71
byte_domain,61,static,0.7
byte_domain,61,mi_rank,0.7
byte_domain,61,random_auth0,0.72
byte_domain,62,greedy,0.735
byte_domain,62,static,0.675
byte_domain,62,mi_rank,0.675
byte_domain,62,random_auth0,0.7
byte_domain,63,greedy,0.75
byte_domain,63,static,0.68
byte_domain,63,mi_rank,0.68
byte_domain,63,random_auth0,0.71
byte_domain,64,greedy,0.77
byte_domain,64,static,0.675
byte_domain,64,mi_rank,0.675
byte_domain,64,random_auth0,0.685
byte_domain,65,greedy,0.705
byte_domain,65,static,0.755
byte_domain,65,mi_rank,0.755
byte_domain,65,random_auth0,0.695
byte_domain,66,greedy,0.725
byte_domain,66,static,0.775
byte_domain,66,mi_rank,0.775
byte_domain,66,random_auth0,0.7
byte_domain,67,greedy,0.725
byte_domain,67,static,0.715
byte_domain,67,mi_rank,0.715
byte_domain,67,random_auth0,0.72
byte_domain,68,greedy,0.785
byte_domain,68,static,0.76
byte_domain,68,mi_rank,0.76
byte_domain,68,random_auth0,0.685
byte_domain,69,greedy,0.685
byte_domain,69,static,0.735
byte_domain,69,mi_rank,0.735
byte_domain,69,random_auth0,0.755
byte_domain,70,greedy,0.73
byte_domain,70,static,0.715
byte_domain,70,mi_rank,0.715
byte_domain,70,random_auth0,0.705
byte_domain,71,greedy,0.73
byte_domain,71,static,0.71
byte_domain,71,mi_rank,0.71
byte_domain,71,random_auth0,0.71
byte_domain,72,greedy,0.775
byte_domain,72,static,0.73
byte_domain,72,mi_rank,0.73
byte_domain,72,random_auth0,0.725
byte_domain,73,greedy,0.655
byte_domain,73,static,0.725
byte_domain,73,mi_rank,0.725
byte_domain,73,random_auth0,0.74
byte_domain,74,greedy,0.75
byte_domain,74,static,0.715
byte_domain,74,mi_rank,0.715
byte_domain,74,random_auth0,0.74
byte_domain,75,greedy,0.735
byte_domain,75,static,0.785
byte_domain,75,mi_rank,0.785
byte_domain,75,random_auth0,0.7
byte_domain,76,greedy,0.725
byte_domain,76,static,0.71
byte_domain,76,mi_rank,0.71
byte_domain,76,random_auth0,0.695
byte_domain,77,greedy,0.71
byte_domain,77,static,0.71
byte_domain,77,mi_rank,0.71
byte_domain,77,random_auth0,0.685
byte_domain,78,greedy,0.75
byte_domain,78,static,0.73
byte_domain,78,mi_rank,0.73
byte_domain,78,random_auth0,0.71
byte_domain,79,greedy,0.74
byte_domain,79,static,0.73
byte_domain,79,mi_rank,0.73
byte_domain,79,random_auth0,0.69
byte_domain,80,greedy,0.715
byte_domain,80,static,0.715
byte_domain,80,mi_rank,0.715
byte_domain,80,random_auth0,0.72
byte_domain,81,greedy,0.75
byte_domain,81,static,0.675
byte_domain,81,mi_rank,0.675
byte_domain,81,random_auth0,0.77
byte_domain,82,greedy,0.785
byte_domain,82,static,0.72
byte_domain,82,mi_rank,0.72
byte_domain,82,random_auth0,0.66
byte_domain,83,greedy,0.67
byte_domain,83,static,0.695
byte_domain,83,mi_rank,0.695
byte_domain,83,random_auth0,0.715
byte_domain,84,greedy,0.72
byte_domain,84,static,0.745
byte_domain,84,mi_rank,0.745
byte_domain,84,random_auth0,0.75
byte_domain,85,greedy,0.74
byte_domain,85,static,0.71
byte_domain,85,mi_rank,0.71
byte_domain,85,random_auth0,0.68
byte_domain,86,greedy,0.695
byte_domain,86,static,0.725
byte_domain,86,mi_rank,0.725
byte_domain,86,random_auth0,0.72
byte_domain,87,greedy,0.765
byte_domain,87,static,0.695
byte_domain,87,mi_rank,0.695
byte_domain,87,random_auth0,0.77
byte_domain,88,greedy,0.755
byte_domain,88,static,0.77
byte_domain,88,mi_rank,0.77
byte_domain,88,random_auth0,0.67
byte_domain,89,greedy,0.77
byte_domain,89,static,0.73
byte_domain,89,mi_rank,0.73
byte_domain,89,random_auth0,0.71
byte_domain,90,greedy,0.685
byte_domain,90,static,0.715
byte_domain,90,mi_rank,0.715
byte_domain,90,random_auth0,0.69
byte_domain,91,greedy,0.715
byte_domain,91,static,0.7
byte_domain,91,mi_rank,0.7
byte_domain,91,random_auth0,0.73
byte_domain,92,greedy,0.72
byte_domain,92,static,0.675
byte_domain,92,mi_rank,0.675
byte_domain,92,random_auth0,0.695
byte_domain,93,greedy,0.75
byte_domain,93,static,0.73
byte_domain,93,mi_rank,0.73
byte_domain,93,random_auth0,0.705
byte_domain,94,greedy,0.74
byte_domain,94,static,0.755
byte_domain,94,mi_rank,0.755
byte_domain,94,random_auth0,0.71
byte_domain,95,greedy,0.745
byte_domain,95,static,0.725
byte_domain,95,mi_rank,0.725
byte_domain,95,random_auth0,0.685
byte_domain,96,greedy,0.73
byte_domain,96,static,0.715
byte_domain,96,mi_rank,0.715
byte_domain,96,random_auth0,0.75
byte_domain,97,greedy,0.68
byte_domain,97,static,0.72
byte_domain,97,mi_rank,0.72
byte_domain,97,random_auth0,0.67
byte_domain,98,greedy,0.71
byte_domain,98,static,0.74
byte_domain,98,mi_rank,0.74
byte_domain,98,random_auth0,0.7
byte_domain,99,greedy,0.71
byte_domain,99,static,0.67
byte_domain,99,mi_rank,0.67
byte_domain,99,random_auth0,0.77
byte_domain,100,greedy,0.755
byte_domain,100,static,0.74
byte_domain,100,mi_rank,0.74
byte_domain,100,random_auth0,0.695
byte_domain,101,greedy,0.79
byte_domain,101,static,0.735
byte_domain,101,mi_rank,0.735
byte_domain,101,random_auth0,0.73
byte_domain,102,greedy,0.715
byte_domain,102,static,0.7
byte_domain,102,mi_rank,0.7
byte_domain,102,random_auth0,0.74
byte_domain,103,greedy,0.755
byte_domain,103,static,0.715
byte_domain,103,mi_rank,0.715
byte_domain,103,random_auth0,0.73
byte_domain,104,greedy,0.745
byte_domain,104,static,0.7
byte_domain,104,mi_rank,0.7
byte_domain,104,random_auth0,0.72
byte_domain,105,greedy,0.69
byte_domain,105,static,0.71
byte_domain,105,mi_rank,0.71
byte_domain,105,random_auth0,0.715
byte_domain,106,greedy,0.735
byte_domain,106,static,0.745
byte_domain,106,mi_rank,0.745
byte_domain,106,random_auth0,0.72
byte_domain,107,greedy,0.74
byte_domain,107,static,0.74
byte_domain,107,mi_rank,0.74
byte_domain,107,random_auth0,0.755
byte_domain,108,greedy,0.785
byte_domain,108,static,0.71
byte_domain,108,mi_rank,0.71
byte_domain,108,random_auth0,0.7
byte_domain,109,greedy,0.71
byte_domain,109,static,0.715
byte_domain,109,mi_rank,0.715
byte_domain,109,random_auth0,0.715
byte_domain,110,greedy,0.75
byte_domain,110,static,0.735
byte_domain,110,mi_rank,0.735
byte_domain,110,random_auth0,0.705
byte_domain,111,greedy,0.695
byte_domain,111,static,0.74
byte_domain,111,mi_rank,0.74
byte_domain,111,random_auth0,0.77
byte_domain,112,greedy,0.725
byte_domain,112,static,0.725
byte_domain,112,mi_rank,0.725
byte_domain,112,random_auth0,0.67
byte_domain,113,greedy,0.71
byte_domain,113,static,0.72
byte_domain,113,mi_rank,0.72
byte_domain,113,random_auth0,0.72
byte_domain,114,greedy,0.715
byte_domain,114,static,0.72
byte_domain,114,mi_rank,0.72
byte_domain,114,random_auth0,0.73
byte_domain,115,greedy,0.68
byte_domain,115,static,0.735
byte_domain,115,mi_rank,0.735
byte_domain,115,random_auth0,0.72
byte_domain,116,greedy,0.685
byte_domain,116,static,0.735
byte_domain,116,mi_rank,0.735
byte_domain,116,random_auth0,0.685
byte_domain,117,greedy,0.74
byte_domain,117,static,0.755
byte_domain,117,mi_rank,0.76
byte_domain,117,random_auth0,0.69
byte_domain,118,greedy,0.76
byte_domain,118,static,0.735
byte_domain,118,mi_rank,0.735
byte_domain,118,random_auth0,0.755
byte_domain,119,greedy,0.71
byte_domain,119,static,0.7
byte_domain,119,mi_rank,0.7
byte_domain,119,random_auth0,0.72
byte_domain,120,greedy,0.76
byte_domain,120,static,0.725
byte_domain,120,mi_rank,0.725
byte_domain,120,random_auth0,0.68
byte_domain,121,greedy,0.74
byte_domain,121,static,0.725
byte_domain,121,mi_rank,0.725
byte_domain,121,random_auth0,0.745
byte_domain,122,greedy,0.71
byte_domain,122,static,0.72
byte_domain,122,mi_rank,0.72
byte_domain,122,random_auth0,0.69
byte_domain,123,greedy,0.675
byte_domain,123,static,0.705
byte_domain,123,mi_rank,0.705
byte_domain,123,random_auth0,0.725
byte_domain,124,greedy,0.74
byte_domain,124,static,0.71
byte_domain,124,mi_rank,0.71
byte_domain,124,random_auth0,0.71
byte_domain,125,greedy,0.735
byte_domain,125,static,0.76
byte_domain,125,mi_rank,0.76
byte_domain,125,random_auth0,0.715
byte_domain,126,greedy,0.665
byte_domain,126,static,0.765
byte_domain,126,mi_rank,0.765
byte_domain,126,random_auth0,0.695
byte_domain,127,greedy,0.74
byte_domain,127,static,0.745
byte_domain,127,mi_rank,0.745
byte_domain,127,random_auth0,0.76
byte_domain,128,greedy,0.755
byte_domain,128,static,0.76
byte_domain,128,mi_rank,0.76
byte_domain,128,random_auth0,0.705
byte_domain,129,greedy,0.68
byte_domain,129,static,0.665
byte_domain,129,mi_rank,0.67
byte_domain,129,random_auth0,0.73
byte_domain,130,greedy,0.695
byte_domain,130,static,0.73
byte_domain,130,mi_rank,0.73
byte_domain,130,random_auth0,0.705
byte_domain,131,greedy,0.74
byte_domain,131,static,0.75
byte_domain,131,mi_rank,0.75
byte_domain,131,random_auth0,0.715
byte_domain,132,greedy,0.72
byte_domain,132,static,0.72
byte_domain,132,mi_rank,0.72
byte_domain,132,random_auth0,0.72
byte_domain,133,greedy,0.72
byte_domain,133,static,0.715
byte_domain,133,mi_rank,0.715
byte_domain,133,random_auth0,0.685
byte_domain,134,greedy,0.685
byte_domain,134,static,0.645
byte_domain,134,mi_rank,0.645
byte_domain,134,random_auth0,0.715
byte_domain,135,greedy,0.755
byte_domain,135,static,0.735
byte_domain,135,mi_rank,0.735
byte_domain,135,random_auth0,0.68
byte_domain,136,greedy,0.695
byte_domain,136,static,0.715
byte_domain,136,mi_rank,0.715
byte_domain,136,random_auth0,0.78
byte_domain,137,greedy,0.71
byte_domain,137,static,0.8
byte_domain,137,mi_rank,0.8
byte_domain,137,random_auth0,0.67
byte_domain,138,greedy,0.75
byte_domain,138,static,0.705
byte_domain,138,mi_rank,0.705
byte_domain,138,random_auth0,0.735
byte_domain,139,greedy,0.715
byte_domain,139,static,0.705
byte_domain,139,mi_rank,0.705
byte_domain,139,random_auth0,0.73
byte_domain,140,greedy,0.725
byte_domain,140,static,0.7
byte_domain,140,mi_rank,0.7
byte_domain,140,random_auth0,0.7
byte_domain,141,greedy,0.71
byte_domain,141,static,0.735
byte_domain,141,mi_rank,0.735
byte_domain,141,random_auth0,0.705
byte_domain,142,greedy,0.745
byte_domain,142,static,0.725
byte_domain,142,mi_rank,0.725
byte_domain,142,random_auth0,0.695
byte_domain,143,greedy,0.745
byte_domain,143,static,0.725
byte_domain,143,mi_rank,0.725
byte_domain,143,random_auth0,0.72
byte_domain,144,greedy,0.745
byte_domain,144,static,0.765
byte_domain,144,mi_rank,0.765
byte_domain,144,random_auth0,0.705
byte_domain,145,greedy,0.745
byte_domain,145,static,0.725
byte_domain,145,mi_rank,0.725
byte_domain,145,random_auth0,0.74
byte_domain,146,greedy,0.745
byte_domain,146,static,0.75
byte_domain,146,mi_rank,0.75
byte_domain,146,random_auth0,0.75
byte_domain,147,greedy,0.745
byte_domain,147,static,0.715
byte_domain,147,mi_rank,0.715
byte_domain,147,random_auth0,0.745
byte_domain,148,greedy,0.71
byte_domain,148,static,0.765
byte_domain,148,mi_rank,0.765
byte_domain,148,random_auth0,0.66
byte_domain,149,greedy,0.73
byte_domain,149,static,0.73
byte_domain,149,mi_rank,0.73
byte_domain,149,random_auth0,0.675
byte_domain,150,greedy,0.76
byte_domain,150,static,0.71
byte_domain,150,mi_rank,0.71
byte_domain,150,random_auth0,0.66
byte_domain,151,greedy,0.73
byte_domain,151,static,0.76
byte_domain,151,mi_rank,0.76
byte_domain,151,random_auth0,0.75
byte_domain,152,greedy,0.77
byte_domain,152,static,0.78
byte_domain,152,mi_rank,0.78
byte_domain,152,random_auth0,0.745
byte_domain,153,greedy,0.71
byte_domain,153,static,0.715
byte_domain,153,mi_rank,0.715
byte_domain,153,random_auth0,0.67
byte_domain,154,greedy,0.74
byte_domain,154,static,0.7
byte_domain,154,mi_rank,0.7
byte_domain,154,random_auth0,0.735
byte_domain,155,greedy,0.695
byte_domain,155,static,0.735
byte_domain,155,mi_rank,0.735
byte_domain,155,random_auth0,0.76
byte_domain,156,greedy,0.76
byte_domain,156,static,0.835
byte_domain,156,mi_rank,0.835
byte_domain,156,random_auth0,0.705
byte_domain,157,greedy,0.735
byte_domain,157,static,0.74
byte_domain,157,mi_rank,0.74
byte_domain,157,random_auth0,0.675
byte_domain,158,greedy,0.665
byte_domain,158,static,0.73
byte_domain,158,mi_rank,0.73
byte_domain,158,random_auth0,0.74
byte_domain,159,greedy,0.755
byte_domain,159,static,0.7
byte_domain,159,mi_rank,0.7
byte_domain,159,random_auth0,0.67
byte_domain,160,greedy,0.65
byte_domain,160,static,0.74
byte_domain,160,mi_rank,0.735
byte_domain,160,random_auth0,0.715
byte_domain,161,greedy,0.765
byte_domain,161,static,0.8
byte_domain,161,mi_rank,0.8
byte_domain,161,random_auth0,0.64
byte_domain,162,greedy,0.74
byte_domain,162,static,0.74
byte_domain,162,mi_rank,0.74
byte_domain,162,random_auth0,0.7
byte_domain,163,greedy,0.71
byte_domain,163,static,0.7
byte_domain,163,mi_rank,0.7
byte_domain,163,random_auth0,0.745
byte_domain,164,greedy,0.785
byte_domain,164,static,0.74
byte_domain,164,mi_rank,0.74
byte_domain,164,random_auth0,0.71
byte_domain,165,greedy,0.71
byte_domain,165,static,0.76
byte_domain,165,mi_rank,0.765
byte_domain,165,random_auth0,0.735
byte_domain,166,greedy,0.705
byte_domain,166,static,0.735
byte_domain,166,mi_rank,0.735
byte_domain,166,random_auth0,0.71
byte_domain,167,greedy,0.72
byte_domain,167,static,0.77
byte_domain,167,mi_rank,0.77
byte_domain,167,random_auth0,0.76
byte_domain,168,greedy,0.75
byte_domain,168,static,0.705
byte_domain,168,mi_rank,0.705
byte_domain,168,random_auth0,0.745
byte_domain,169,greedy,0.79
byte_domain,169,static,0.745
byte_domain,169,mi_rank,0.745
byte_domain,169,random_auth0,0.725
byte_domain,170,greedy,0.755
byte_domain,170,static,0.685
byte_domain,170,mi_rank,0.685
byte_domain,170,random_auth0,0.705
byte_domain,171,greedy,0.725
byte_domain,171,static,0.795
byte_domain,171,mi_rank,0.795
byte_domain,171,random_auth0,0.7
byte_domain,172,greedy,0.735
byte_domain,172,static,0.73
byte_domain,172,mi_rank,0.73
byte_domain,172,random_auth0,0.67
byte_domain,173,greedy,0.74
byte_domain,173,static,0.725
byte_domain,173,mi_rank,0.725
byte_domain,173,random_auth0,0.74
byte_domain,174,greedy,0.715
byte_domain,174,static,0.785
byte_domain,174,mi_rank,0.785
byte_domain,174,random_auth0,0.695
byte_domain,175,greedy,0.815
byte_domain,175,static,0.72
byte_domain,175,mi_rank,0.72
byte_domain,175,random_auth0,0.75
byte_domain,176,greedy,0.71
byte_domain,176,static,0.72
byte_domain,176,mi_rank,0.72
byte_domain,176,random_auth0,0.74
byte_domain,177,greedy,0.715
byte_domain,177,static,0.755
byte_domain,177,mi_rank,0.755
byte_domain,177,random_auth0,0.71
byte_domain,178,greedy,0.795
byte_domain,178,static,0.74
byte_domain,178,mi_rank,0.74
byte_domain,178,random_auth0,0.74
byte_domain,179,greedy,0.77
byte_domain,179,static,0.72
byte_domain,179,mi_rank,0.72
byte_domain,179,random_auth0,0.735
byte_domain,180,greedy,0.72
byte_domain,180,static,0.71
byte_domain,180,mi_rank,0.71
byte_domain,180,random_auth0,0.74
byte_domain,181,greedy,0.725
byte_domain,181,static,0.72
byte_domain,181,mi_rank,0.72
byte_domain,181,random_auth0,0.71
byte_domain,182,greedy,0.71
byte_domain,182,static,0.72
byte_domain,182,mi_rank,0.72
byte_domain,182,random_auth0,0.69
byte_domain,183,greedy,0.675
byte_domain,183,static,0.735
byte_domain,183,mi_rank,0.735
byte_domain,183,random_auth0,0.715
byte_domain,184,greedy,0.73
byte_domain,184,static,0.775
byte_domain,184,mi_rank,0.775
byte_domain,184,random_auth0,0.735
byte_domain,185,greedy,0.73
byte_domain,185,static,0.725
byte_domain,185,mi_rank,0.725
byte_domain,185,random_auth0,0.735
byte_domain,186,greedy,0.715
byte_domain,186,static,0.68
byte_domain,186,mi_rank,0.68
byte_domain,186,random_auth0,0.72
byte_domain,187,greedy,0.77
byte_domain,187,static,0.695
byte_domain,187,mi_rank,0.695
byte_domain,187,random_auth0,0.735
byte_domain,188,greedy,0.745
byte_domain,188,static,0.715
byte_domain,188,mi_rank,0.715
byte_domain,188,random_auth0,0.705
byte_domain,189,greedy,0.715
byte_domain,189,static,0.685
byte_domain,189,mi_rank,0.685
byte_domain,189,random_auth0,0.7
byte_domain,190,greedy,0.715
byte_domain,190,static,0.695
byte_domain,190,mi_rank,0.695
byte_domain,190,random_auth0,0.74
byte_domain,191,greedy,0.75
byte_domain,191,static,0.73
byte_domain,191,mi_rank,0.73
byte_domain,191,random_auth0,0.75
byte_domain,192,greedy,0.745
byte_domain,192,static,0.67
byte_domain,192,mi_rank,0.67
byte_domain,192,random_auth0,0.71
byte_domain,193,greedy,0.725
byte_domain,193,static,0.785
byte_domain,193,mi_rank,0.785
byte_domain,193,random_auth0,0.7
byte_domain,194,greedy,0.74
byte_domain,194,static,0.72
byte_domain,194,mi_rank,0.72
byte_domain,194,random_auth0,0.75
byte_domain,195,greedy,0.695
byte_domain,195,static,0.75
byte_domain,195,mi_rank,0.75
byte_domain,195,random_auth0,0.69
byte_domain,196,greedy,0.72
byte_domain,196,static,0.75
byte_domain,196,mi_rank,0.75
byte_domain,196,random_auth0,0.675
byte_domain,197,greedy,0.755
byte_domain,197,static,0.69
byte_domain,197,mi_rank,0.69
byte_domain,197,random_auth0,0.72
byte_domain,198,greedy,0.69
byte_domain,198,static,0.71
byte_domain,198,mi_rank,0.71
byte_domain,198,random_auth0,0.76
byte_domain,199,greedy,0.765
byte_domain,199,static,0.71
byte_domain,199,mi_rank,0.71
byte_domain,199,random_auth0,0.755
byte_domain,200,greedy,0.73
byte_domain,200,static,0.675
byte_domain,200,mi_rank,0.675
byte_domain,200,random_auth0,0.73
byte_domain,201,greedy,0.715
byte_domain,201,static,0.74
byte_domain,201,mi_rank,0.74
byte_domain,201,random_auth0,0.715
byte_domain,202,greedy,0.76
byte_domain,202,static,0.73
byte_domain,202,mi_rank,0.73
byte_domain,202,random_auth0,0.695
byte_domain,203,greedy,0.71
byte_domain,203,static,0.68
byte_domain,203,mi_rank,0.68
byte_domain,203,random_auth0,0.725
byte_domain,204,greedy,0.79
byte_domain,204,static,0.715
byte_domain,204,mi_rank,0.715
byte_domain,204,random_auth0,0.74
byte_domain,205,greedy,0.78
byte_domain,205,static,0.655
byte_domain,205,mi_rank,0.655
byte_domain,205,random_auth0,0.705
byte_domain,206,greedy,0.705
byte_domain,206,static,0.755
byte_domain,206,mi_rank,0.755
byte_domain,206,random_auth0,0.665
byte_domain,207,greedy,0.72
byte_domain,207,static,0.71
byte_domain,207,mi_rank,0.71
byte_domain,207,random_auth0,0.695
byte_domain,208,greedy,0.74
byte_domain,208,static,0.76
byte_domain,208,mi_rank,0.76
byte_domain,208,random_auth0,0.68
byte_domain,209,greedy,0.68
byte_domain,209,static,0.685
byte_domain,209,mi_rank,0.685
byte_domain,209,random_auth0,0.7
byte_domain,210,greedy,0.73
byte_domain,210,static,0.735
byte_domain,210,mi_rank,0.735
byte_domain,210,random_auth0,0.715
byte_domain,211,greedy,0.715
byte_domain,211,static,0.66
byte_domain,211,mi_rank,0.66
byte_domain,211,random_auth0,0.73
byte_domain,212,greedy,0.72
byte_domain,212,static,0.715
byte_domain,212,mi_rank,0.715
byte_domain,212,random_auth0,0.69
byte_domain,213,greedy,0.75
byte_domain,213,static,0.76
byte_domain,213,mi_rank,0.76
byte_domain,213,random_auth0,0.74
byte_domain,214,greedy,0.715
byte_domain,214,static,0.72
byte_domain,214,mi_rank,0.72
byte_domain,214,random_auth0,0.735
byte_domain,215,greedy,0.72
byte_domain,215,static,0.735
byte_domain,215,mi_rank,0.735
byte_domain,215,random_auth0,0.755
byte_domain,216,greedy,0.695
byte_domain,216,static,0.805
byte_domain,216,mi_rank,0.805
byte_domain,216,random_auth0,0.71
byte_domain,217,greedy,0.745
byte_domain,217,static,0.765
byte_domain,217,mi_rank,0.765
byte_domain,217,random_auth0,0.755
byte_domain,218,greedy,0.785
byte_domain,218,static,0.705
byte_domain,218,mi_rank,0.705
byte_domain,218,random_auth0,0.74
byte_domain,219,greedy,0.75
byte_domain,219,static,0.685
byte_domain,219,mi_rank,0.685
byte_domain,219,random_auth0,0.725
byte_domain,220,greedy,0.725
byte_domain,220,static,0.745
byte_domain,220,mi_rank,0.745
byte_domain,220,random_auth0,0.745
byte_domain,221,greedy,0.715
byte_domain,221,static,0.725
byte_domain,221,mi_rank,0.725
byte_domain,221,random_auth0,0.75
byte_domain,222,greedy,0.735
byte_domain,222,static,0.735
byte_domain,222,mi_rank,0.73
byte_domain,222,random_auth0,0.74
byte_domain,223,greedy,0.74
byte_domain,223,static,0.735
byte_domain,223,mi_rank,0.735
byte_domain,223,random_auth0,0.715
byte_domain,224,greedy,0.755
byte_domain,224,static,0.7
byte_domain,224,mi_rank,0.7
byte_domain,224,random_auth0,0.74
byte_domain,225,greedy,0.735
byte_domain,225,static,0.725
byte_domain,225,mi_rank,0.725
byte_domain,225,random_auth0,0.695
byte_domain,226,greedy,0.74
byte_domain,226,static,0.72
byte_domain,226,mi_rank,0.72
byte_domain,226,random_auth0,0.76
byte_domain,227,greedy,0.74
byte_domain,227,static,0.7
byte_domain,227,mi_rank,0.7
byte_domain,227,random_auth0,0.765
byte_domain,228,greedy,0.745
byte_domain,228,static,0.745
byte_domain,228,mi_rank,0.745
byte_domain,228,random_auth0,0.73
byte_domain,229,greedy,0.725
byte_domain,229,static,0.66
byte_domain,229,mi_rank,0.66
byte_domain,229,random_auth0,0.77
byte_domain,230,greedy,0.765
byte_domain,230,static,0.755
byte_domain,230,mi_rank,0.755
byte_domain,230,random_auth0,0.705
byte_domain,231,greedy,0.715
byte_domain,231,static,0.725
byte_domain,231,mi_rank,0.725
byte_domain,231,random_auth0,0.73
byte_domain,232,greedy,0.725
byte_domain,232,static,0.745
byte_domain,232,mi_rank,0.745
byte_domain,232,random_auth0,0.68
byte_domain,233,greedy,0.75
byte_domain,233,static,0.69
byte_domain,233,mi_rank,0.69
byte_domain,233,random_auth0,0.74
byte_domain,234,greedy,0.745
byte_domain,234,static,0.73
byte_domain,234,mi_rank,0.735
byte_domain,234,random_auth0,0.73
byte_domain,235,greedy,0.785
byte_domain,235,static,0.77
byte_domain,235,mi_rank,0.77
byte_domain,235,random_auth0,0.71
byte_domain,236,greedy,0.655
byte_domain,236,static,0.735
byte_domain,236,mi_rank,0.735
byte_domain,236,random_auth0,0.74
byte_domain,237,greedy,0.7
byte_domain,237,static,0.765
byte_domain,237,mi_rank,0.765
byte_domain,237,random_auth0,0.73
byte_domain,238,greedy,0.785
byte_domain,238,static,0.71
byte_domain,238,mi_rank,0.71
byte_domain,238,random_auth0,0.69
byte_domain,239,greedy,0.675
byte_domain,239,static,0.74
byte_domain,239,mi_rank,0.74
byte_domain,239,random_auth0,0.725
byte_domain,240,greedy,0.745
byte_domain,240,static,0.7
byte_domain,240,mi_rank,0.7
byte_domain,240,random_auth0,0.715
byte_domain,241,greedy,0.77
byte_domain,241,static,0.72
byte_domain,241,mi_rank,0.72
byte_domain,241,random_auth0,0.735
byte_domain,242,greedy,0.805
byte_domain,242,static,0.705
byte_domain,242,mi_rank,0.705
byte_domain,242,random_auth0,0.705
byte_domain,243,greedy,0.725
byte_domain,243,static,0.69
byte_domain,243,mi_rank,0.69
byte_domain,243,random_auth0,0.75
byte_domain,244,greedy,0.69
byte_domain,244,static,0.715
byte_domain,244,mi_rank,0.715
byte_domain,244,random_auth0,0.655
byte_domain,245,greedy,0.74
byte_domain,245,static,0.75
byte_domain,245,mi_rank,0.75
byte_domain,245,random_auth0,0.76
byte_domain,246,greedy,0.74
byte_domain,246,static,0.72
byte_domain,246,mi_rank,0.72
byte_domain,246,random_auth0,0.725
byte_domain,247,greedy,0.7
byte_domain,247,static,0.72
byte_domain,247,mi_rank,0.72
byte_domain,247,random_auth0,0.69
byte_domain,248,greedy,0.74
byte_domain,248,static,0.75
byte_domain,248,mi_rank,0.75
byte_domain,248,random_auth0,0.73
byte_domain,249,greedy,0.77
byte_domain,249,static,0.73
byte_domain,249,mi_rank,0.73
byte_domain,249,random_auth0,0.715
byte_domain,250,greedy,0.685
byte_domain,250,static,0.685
byte_domain,250,mi_rank,0.685
byte_domain,250,random_auth0,0.75
byte_domain,251,greedy,0.69
byte_domain,251,static,0.72
byte_domain,251,mi_rank,0.72
byte_domain,251,random_auth0,0.735
byte_domain,252,greedy,0.755
byte_domain,252,static,0.735
byte_domain,252,mi_rank,0.735
byte_domain,252,random_auth0,0.705
byte_domain,253,greedy,0.735
byte_domain,253,static,0.745
byte_domain,253,mi_rank,0.745
byte_domain,253,random_auth0,0.68
byte_domain,254,greedy,0.69
byte_domain,254,static,0.695
byte_domain,254,mi_rank,0.695
byte_domain,254,random_auth0,0.75
byte_domain,255,greedy,0.73
byte_domain,255,static,0.75
byte_domain,255,mi_rank,0.75
byte_domain,255,random_auth0,0.695
byte_domain,256,greedy,0.75
byte_domain,256,static,0.775
byte_domain,256,mi_rank,0.775
byte_domain,256,random_auth0,0.715
byte_domain,257,greedy,0.8
byte_domain,257,static,0.72
byte_domain,257,mi_rank,0.72
byte_domain,257,random_auth0,0.71
byte_domain,258,greedy,0.715
byte_domain,258,static,0.73
byte_domain,258,mi_rank,0.73
byte_domain,258,random_auth0,0.71
byte_domain,259,greedy,0.74
byte_domain,259,static,0.725
byte_domain,259,mi_rank,0.725
byte_domain,259,random_auth0,0.69
byte_domain,260,greedy,0.765
byte_domain,260,static,0.695
byte_domain,260,mi_rank,0.695
byte_domain,260,random_auth0,0.675
byte_domain,261,greedy,0.685
byte_domain,261,static,0.725
byte_domain,261,mi_rank,0.725
byte_domain,261,random_auth0,0.71
byte_domain,262,greedy,0.715
byte_domain,262,static,0.635
byte_domain,262,mi_rank,0.635
byte_domain,262,random_auth0,0.715
byte_domain,263,greedy,0.73
byte_domain,263,static,0.71
byte_domain,263,mi_rank,0.71
byte_domain,263,random_auth0,0.71
byte_domain,264,greedy,0.71
byte_domain,264,static,0.725
byte_domain,264,mi_rank,0.725
byte_domain,264,random_auth0,0.715
byte_domain,265,greedy,0.705
byte_domain,265,static,0.715
byte_domain,265,mi_rank,0.715
byte_domain,265,random_auth0,0.725
byte_domain,266,greedy,0.73
byte_domain,266,static,0.725
byte_domain,266,mi_rank,0.725
byte_domain,266,random_auth0,0.765
byte_domain,267,greedy,0.69
byte_domain,267,static,0.715
byte_domain,267,mi_rank,0.715
byte_domain,267,random_auth0,0.72
byte_domain,268,greedy,0.745
byte_domain,268,static,0.725
byte_domain,268,mi_rank,0.725
byte_domain,268,random_auth0,0.73
byte_domain,269,greedy,0.695
byte_domain,269,static,0.745
byte_domain,269,mi_rank,0.745
byte_domain,269,random_auth0,0.73
byte_domain,270,greedy,0.725
byte_domain,270,static,0.71
byte_domain,270,mi_rank,0.71
byte_domain,270,random_auth0,0.705
byte_domain,271,greedy,0.74
byte_domain,271,static,0.7
byte_domain,271,mi_rank,0.7
byte_domain,271,random_auth0,0.705
byte_domain,272,greedy,0.745
byte_domain,272,static,0.69
byte_domain,272,mi_rank,0.69
byte_domain,272,random_auth0,0.72
byte_domain,273,greedy,0.745
byte_domain,273,static,0.8
byte_domain,273,mi_rank,0.8
byte_domain,273,random_auth0,0.68
byte_domain,274,greedy,0.715
byte_domain,274,static,0.72
byte_domain,274,mi_rank,0.72
byte_domain,274,random_auth0,0.725
byte_domain,275,greedy,0.765
byte_domain,275,static,0.735
byte_domain,275,mi_rank,0.735
byte_domain,275,random_auth0,0.71
byte_domain,276,greedy,0.775
byte_domain,276,static,0.75
byte_domain,276,mi_rank,0.75
byte_domain,276,random_auth0,0.755
byte_domain,277,greedy,0.76
byte_domain,277,static,0.7
byte_domain,277,mi_rank,0.7
byte_domain,277,random_auth0,0.685
byte_domain,278,greedy,0.73
byte_domain,278,static,0.75
byte_domain,278,mi_rank,0.75
byte_domain,278,random_auth0,0.705
byte_domain,279,greedy,0.705
byte_domain,279,static,0.755
byte_domain,279,mi_rank,0.755
byte_domain,279,random_auth0,0.7
byte_domain,280,greedy,0.715
byte_domain,280,static,0.745
byte_domain,280,mi_rank,0.745
byte_domain,280,random_auth0,0.715
byte_domain,281,greedy,0.765
byte_domain,281,static,0.7
byte_domain,281,mi_rank,0.7
byte_domain,281,random_auth0,0.69
byte_domain,282,greedy,0.695
byte_domain,282,static,0.755
byte_domain,282,mi_rank,0.755
byte_domain,282,random_auth0,0.73
byte_domain,283,greedy,0.795
byte_domain,283,static,0.715
byte_domain,283,mi_rank,0.715
byte_domain,283,random_auth0,0.71
byte_domain,284,greedy,0.69
byte_domain,284,static,0.71
byte_domain,284,mi_rank,0.71
byte_domain,284,random_auth0,0.765
byte_domain,285,greedy,0.785
byte_domain,285,static,0.705
byte_domain,285,mi_rank,0.705
byte_domain,285,random_auth0,0.745
byte_domain,286,greedy,0.74
byte_domain,286,static,0.74
byte_domain,286,mi_rank,0.74
byte_domain,286,random_auth0,0.69
byte_domain,287,greedy,0.74
byte_domain,287,static,0.67
byte_domain,287,mi_rank,0.67
byte_domain,287,random_auth0,0.73
byte_domain,288,greedy,0.805
byte_domain,288,static,0.735
byte_domain,288,mi_rank,0.735
byte_domain,288,random_auth0,0.705
byte_domain,289,greedy,0.73
byte_domain,289,static,0.72
byte_domain,289,mi_rank,0.72
byte_domain,289,random_auth0,0.76
byte_domain,290,greedy,0.755
byte_domain,290,static,0.725
byte_domain,290,mi_rank,0.725
byte_domain,290,random_auth0,0.685
byte_domain,291,greedy,0.685
byte_domain,291,static,0.725
byte_domain,291,mi_rank,0.725
byte_domain,291,random_auth0,0.725
byte_domain,292,greedy,0.755
byte_domain,292,static,0.75
byte_domain,292,mi_rank,0.745
byte_domain,292,random_auth0,0.735
byte_domain,293,greedy,0.77
byte_domain,293,static,0.73
byte_domain,293,mi_rank,0.73
byte_domain,293,random_auth0,0.7
byte_domain,294,greedy,0.745
byte_domain,294,static,0.745
byte_domain,294,mi_rank,0.745
byte_domain,294,random_auth0,0.72
byte_domain,295,greedy,0.76
byte_domain,295,static,0.725
byte_domain,295,mi_rank,0.725
byte_domain,295,random_auth0,0.73
byte_domain,296,greedy,0.715
byte_domain,296,static,0.7
byte_domain,296,mi_rank,0.7
byte_domain,296,random_auth0,0.73
byte_domain,297,greedy,0.74
byte_domain,297,static,0.75
byte_domain,297,mi_rank,0.75
byte_domain,297,random_auth0,0.73
byte_domain,298,greedy,0.735
byte_domain,298,static,0.68
byte_domain,298,mi_rank,0.68
byte_domain,298,random_auth0,0.725
byte_domain,299,greedy,0.735
byte_domain,299,static,0.75
byte_domain,299,mi_rank,0.75
byte_domain,299,random_auth0,0.76
byte_domain,300,greedy,0.745
byte_domain,300,static,0.785
byte_domain,300,mi_rank,0.78
byte_domain,300,random_auth0,0.73
byte_domain,301,greedy,0.715
byte_domain,301,static,0.75
byte_domain,301,mi_rank,0.75
byte_domain,301,random_auth0,0.73
byte_domain,302,greedy,0.715
byte_domain,302,static,0.705
byte_domain,302,mi_rank,0.705
byte_domain,302,random_auth0,0.715
byte_domain,303,greedy,0.71
byte_domain,303,static,0.67
byte_domain,303,mi_rank,0.67
byte_domain,303,random_auth0,0.755
byte_domain,304,greedy,0.695
byte_domain,304,static,0.74
byte_domain,304,mi_rank,0.74
byte_domain,304,random_auth0,0.71
byte_domain,305,greedy,0.72
byte_domain,305,static,0.725
byte_domain,305,mi_rank,0.725
byte_domain,305,random_auth0,0.73
byte_domain,306,greedy,0.71
byte_domain,306,static,0.76
byte_domain,306,mi_rank,0.76
byte_domain,306,random_auth0,0.725
byte_domain,307,greedy,0.695
byte_domain,307,static,0.685
byte_domain,307,mi_rank,0.685
byte_domain,307,random_auth0,0.75
byte_domain,308,greedy,0.77
byte_domain,308,static,0.755
byte_domain,308,mi_rank,0.755
byte_domain,308,random_auth0,0.7
byte_domain,309,greedy,0.72
byte_domain,309,static,0.75
byte_domain,309,mi_rank,0.75
byte_domain,309,random_auth0,0.73
byte_domain,310,greedy,0.75
byte_domain,310,static,0.68
byte_domain,310,mi_rank,0.68
byte_domain,310,random_auth0,0.725
byte_domain,311,greedy,0.7
byte_domain,311,static,0.7
byte_domain,311,mi_rank,0.7
byte_domain,311,random_auth0,0.74
byte_domain,312,greedy,0.8
byte_domain,312,static,0.72
byte_domain,312,mi_rank,0.72
byte_domain,312,random_auth0,0.735
byte_domain,313,greedy,0.695
byte_domain,313,static,0.785
byte_domain,313,mi_rank,0.79
byte_domain,313,random_auth0,0.705
byte_domain,314,greedy,0.735
byte_domain,314,static,0.77
byte_domain,314,mi_rank,0.77
byte_domain,314,random_auth0,0.73
byte_domain,315,greedy,0.765
byte_domain,315,static,0.71
byte_domain,315,mi_rank,0.71
byte_domain,315,random_auth0,0.715
byte_domain,316,greedy,0.765
byte_domain,316,static,0.75
byte_domain,316,mi_rank,0.75
byte_domain,316,random_auth0,0.675
byte_domain,317,greedy,0.72
byte_domain,317,static,0.74
byte_domain,317,mi_rank,0.74
byte_domain,317,random_auth0,0.69
byte_domain,318,greedy,0.78
byte_domain,318,static,0.71
byte_domain,318,mi_rank,0.71
byte_domain,318,random_auth0,0.715
byte_domain,319,greedy,0.75
byte_domain,319,static,0.74
byte_domain,319,mi_rank,0.74
byte_domain,319,random_auth0,0.685
byte_domain,320,greedy,0.7
byte_domain,320,static,0.72
byte_domain,320,mi_rank,0.72
byte_domain,320,random_auth0,0.705
byte_domain,321,greedy,0.73
byte_domain,321,static,0.765
byte_domain,321,mi_rank,0.765
byte_domain,321,random_auth0,0.71
byte_domain,322,greedy,0.715
byte_domain,322,static,0.715
byte_domain,322,mi_rank,0.715
byte_domain,322,random_auth0,0.72
byte_domain,323,greedy,0.745
byte_domain,323,static,0.73
byte_domain,323,mi_rank,0.73
byte_domain,323,random_auth0,0.68
byte_domain,324,greedy,0.78
byte_domain,324,static,0.72
byte_domain,324,mi_rank,0.715
byte_domain,324,random_auth0,0.765
byte_domain,325,greedy,0.745
byte_domain,325,static,0.755
byte_domain,325,mi_rank,0.755
byte_domain,325,random_auth0,0.685
byte_domain,326,greedy,0.8
byte_domain,326,static,0.725
byte_domain,326,mi_rank,0.725
byte_domain,326,random_auth0,0.72
byte_domain,327,greedy,0.75
byte_domain,327,static,0.7
byte_domain,327,mi_rank,0.7
byte_domain,327,random_auth0,0.745
byte_domain,328,greedy,0.745
byte_domain,328,static,0.71
byte_domain,328,mi_rank,0.71
byte_domain,328,random_auth0,0.765
byte_domain,329,greedy,0.7
byte_domain,329,static,0.71
byte_domain,329,mi_rank,0.71
byte_domain,329,random_auth0,0.76
byte_domain,330,greedy,0.695
byte_domain,330,static,0.695
byte_domain,330,mi_rank,0.695
byte_domain,330,random_auth0,0.71
byte_domain,331,greedy,0.735
byte_domain,331,static,0.71
byte_domain,331,mi_rank,0.71
byte_domain,331,random_auth0,0.665
byte_domain,332,greedy,0.765
byte_domain,332,static,0.73
byte_domain,332,mi_rank,0.73
byte_domain,332,random_auth0,0.71
byte_domain,333,greedy,0.795
byte_domain,333,static,0.735
byte_domain,333,mi_rank,0.735
byte_domain,333,random_auth0,0.72
byte_domain,334,greedy,0.775
byte_domain,334,static,0.72
byte_domain,334,mi_rank,0.72
byte_domain,334,random_auth0,0.68
byte_domain,335,greedy,0.74
byte_domain,335,static,0.715
byte_domain,335,mi_rank,0.715
byte_domain,335,random_auth0,0.69
byte_domain,336,greedy,0.73
byte_domain,336,static,0.755
byte_domain,336,mi_rank,0.755
byte_domain,336,random_auth0,0.7
byte_domain,337,greedy,0.7
byte_domain,337,static,0.645
byte_domain,337,mi_rank,0.645
byte_domain,337,random_auth0,0.67
byte_domain,338,greedy,0.725
byte_domain,338,static,0.725
byte_domain,338,mi_rank,0.725
byte_domain,338,random_auth0,0.655
byte_domain,339,greedy,0.73
byte_domain,339,static,0.7
byte_domain,339,mi_rank,0.7
byte_domain,339,random_auth0,0.695
byte_domain,340,greedy,0.705
byte_domain,340,static,0.76
byte_domain,340,mi_rank,0.76
byte_domain,340,random_auth0,0.73
byte_domain,341,greedy,0.72
byte_domain,341,static,0.735
byte_domain,341,mi_rank,0.735
byte_domain,341,random_auth0,0.715
byte_domain,342,greedy,0.72
byte_domain,342,static,0.745
byte_domain,342,mi_rank,0.745
byte_domain,342,random_auth0,0.705
byte_domain,343,greedy,0.685
byte_domain,343,static,0.69
byte_domain,343,mi_rank,0.69
byte_domain,343,random_auth0,0.705
byte_domain,344,greedy,0.705
byte_domain,344,static,0.755
byte_domain,344,mi_rank,0.755
byte_domain,344,random_auth0,0.735
byte_domain,345,greedy,0.72
byte_domain,345,static,0.735
byte_domain,345,mi_rank,0.735
byte_domain,345,random_auth0,0.74
byte_domain,346,greedy,0.75
byte_domain,346,static,0.76
byte_domain,346,mi_rank,0.76
byte_domain,346,random_auth0,0.735
byte_domain,347,greedy,0.715
byte_domain,347,static,0.685
byte_domain,347,mi_rank,0.685
byte_domain,347,random_auth0,0.73
byte_domain,348,greedy,0.715
byte_domain,348,static,0.735
byte_domain,348,mi_rank,0.735
byte_domain,348,random_auth0,0.71
byte_domain,349,greedy,0.735
byte_domain,349,static,0.75
byte_domain,349,mi_rank,0.75
byte_domain,349,random_auth0,0.715
byte_domain,350,greedy,0.675
byte_domain,350,static,0.715
byte_domain,350,mi_rank,0.715
byte_domain,350,random_auth0,0.71
byte_domain,351,greedy,0.77
byte_domain,351,static,0.79
byte_domain,351,mi_rank,0.79
byte_domain,351,random_auth0,0.74
byte_domain,352,greedy,0.69
byte_domain,352,static,0.725
byte_domain,352,mi_rank,0.725
byte_domain,352,random_auth0,0.78
byte_domain,353,greedy,0.725
byte_domain,353,static,0.695
byte_domain,353,mi_rank,0.695
byte_domain,353,random_auth0,0.715
byte_domain,354,greedy,0.755
byte_domain,354,static,0.725
byte_domain,354,mi_rank,0.725
byte_domain,354,random_auth0,0.725
byte_domain,355,greedy,0.72
byte_domain,355,static,0.735
byte_domain,355,mi_rank,0.735
byte_domain,355,random_auth0,0.695
byte_domain,356,greedy,0.7
byte_domain,356,static,0.7
byte_domain,356,mi_rank,0.7
byte_domain,356,random_auth0,0.705
byte_domain,357,greedy,0.76
byte_domain,357,static,0.745
byte_domain,357,mi_rank,0.745
byte_domain,357,random_auth0,0.705
byte_domain,358,greedy,0.69
byte_domain,358,static,0.715
byte_domain,358,mi_rank,0.715
byte_domain,358,random_auth0,0.72
byte_domain,359,greedy,0.75
byte_domain,359,static,0.745
byte_domain,359,mi_rank,0.745
byte_domain,359,random_auth0,0.69
byte_domain,360,greedy,0.715
byte_domain,360,static,0.72
byte_domain,360,mi_rank,0.72
byte_domain,360,random_auth0,0.675
byte_domain,361,greedy,0.71
byte_domain,361,static,0.665
byte_domain,361,mi_rank,0.66
byte_domain,361,random_auth0,0.77
byte_domain,362,greedy,0.73
byte_domain,362,static,0.74
byte_domain,362,mi_rank,0.74
byte_domain,362,random_auth0,0.675
byte_domain,363,greedy,0.715
byte_domain,363,static,0.755
byte_domain,363,mi_rank,0.755
byte_domain,363,random_auth0,0.725
byte_domain,364,greedy,0.745
byte_domain,364,static,0.705
byte_domain,364,mi_rank,0.705
byte_domain,364,random_auth0,0.75
byte_domain,365,greedy,0.745
byte_domain,365,static,0.725
byte_domain,365,mi_rank,0.725
byte_domain,365,random_auth0,0.72
byte_domain,366,greedy,0.76
byte_domain,366,static,0.705
byte_domain,366,mi_rank,0.705
byte_domain,366,random_auth0,0.69
byte_domain,367,greedy,0.73
byte_domain,367,static,0.72
byte_domain,367,mi_rank,0.72
byte_domain,367,random_auth0,0.71
byte_domain,368,greedy,0.76
byte_domain,368,static,0.725
byte_domain,368,mi_rank,0.725
byte_domain,368,random_auth0,0.74
byte_domain,369,greedy,0.72
byte_domain,369,static,0.74
byte_domain,369,mi_rank,0.74
byte_domain,369,random_auth0,0.745
byte_domain,370,greedy,0.76
byte_domain,370,static,0.745
byte_domain,370,mi_rank,0.745
byte_domain,370,random_auth0,0.775
byte_domain,371,greedy,0.725
byte_domain,371,static,0.745
byte_domain,371,mi_rank,0.745
byte_domain,371,random_auth0,0.715
byte_domain,372,greedy,0.7
byte_domain,372,static,0.715
byte_domain,372,mi_rank,0.715
byte_domain,372,random_auth0,0.68
byte_domain,373,greedy,0.76
byte_domain,373,static,0.72
byte_domain,373,mi_rank,0.72
byte_domain,373,random_auth0,0.72
byte_domain,374,greedy,0.71
byte_domain,374,static,0.72
byte_domain,374,mi_rank,0.72
byte_domain,374,random_auth0,0.765
byte_domain,375,greedy,0.735
byte_domain,375,static,0.73
byte_domain,375,mi_rank,0.73
byte_domain,375,random_auth0,0.73
byte_domain,376,greedy,0.745
byte_domain,376,static,0.67
byte_domain,376,mi_rank,0.67
byte_domain,376,random_auth0,0.71
byte_domain,377,greedy,0.8
byte_domain,377,static,0.73
byte_domain,377,mi_rank,0.73
byte_domain,377,random_auth0,0.675
byte_domain,378,greedy,0.715
byte_domain,378,static,0.69
byte_domain,378,mi_rank,0.69
byte_domain,378,random_auth0,0.755
byte_domain,379,greedy,0.69
byte_domain,379,static,0.76
byte_domain,379,mi_rank,0.765
byte_domain,379,random_auth0,0.72
byte_domain,380,greedy,0.73
byte_domain,380,static,0.77
byte_domain,380,mi_rank,0.77
byte_domain,380,random_auth0,0.775
byte_domain,381,greedy,0.71
byte_domain,381,static,0.74
byte_domain,381,mi_rank,0.74
byte_domain,381,random_auth0,0.74
byte_domain,382,greedy,0.695
byte_domain,382,static,0.795
byte_domain,382,mi_rank,0.795
byte_domain,382,random_auth0,0.78
byte_domain,383,greedy,0.72
byte_domain,383,static,0.705
byte_domain,383,mi_rank,0.705
byte_domain,383,random_auth0,0.695
byte_domain,384,greedy,0.76
byte_domain,384,static,0.725
byte_domain,384,mi_rank,0.725
byte_domain,384,random_auth0,0.71
byte_domain,385,greedy,0.745
byte_domain,385,static,0.77
byte_domain,385,mi_rank,0.77
byte_domain,385,random_auth0,0.685
byte_domain,386,greedy,0.705
byte_domain,386,static,0.735
byte_domain,386,mi_rank,0.735
byte_domain,386,random_auth0,0.645
byte_domain,387,greedy,0.725
byte_domain,387,static,0.72
byte_domain,387,mi_rank,0.72
byte_domain,387,random_auth0,0.745
byte_domain,388,greedy,0.73
byte_domain,388,static,0.77
byte_domain,388,mi_rank,0.77
byte_domain,388,random_auth0,0.715
byte_domain,389,greedy,0.73
byte_domain,389,static,0.685
byte_domain,389,mi_rank,0.685
byte_domain,389,random_auth0,0.73
byte_domain,390,greedy,0.65
byte_domain,390,static,0.69
byte_domain,390,mi_rank,0.69
byte_domain,390,random_auth0,0.71
byte_domain,391,greedy,0.665
byte_domain,391,static,0.715
byte_domain,391,mi_rank,0.715
byte_domain,391,random_auth0,0.705
byte_domain,392,greedy,0.715
byte_domain,392,static,0.76
byte_domain,392,mi_rank,0.76
byte_domain,392,random_auth0,0.685
byte_domain,393,greedy,0.71
byte_domain,393,static,0.73
byte_domain,393,mi_rank,0.73
byte_domain,393,random_auth0,0.725
byte_domain,394,greedy,0.77
byte_domain,394,static,0.775
byte_domain,394,mi_rank,0.775
byte_domain,394,random_auth0,0.69
byte_domain,395,greedy,0.725
byte_domain,395,static,0.71
byte_domain,395,mi_rank,0.71
byte_domain,395,random_auth0,0.65
byte_domain,396,greedy,0.735
byte_domain,396,static,0.73
byte_domain,396,mi_rank,0.73
byte_domain,396,random_auth0,0.675
byte_domain,397,greedy,0.685
byte_domain,397,static,0.745
byte_domain,397,mi_rank,0.745
byte_domain,397,random_auth0,0.715
byte_domain,398,greedy,0.73
byte_domain,398,static,0.68
byte_domain,398,mi_rank,0.68
byte_domain,398,random_auth0,0.72
byte_domain,399,greedy,0.71
byte_domain,399,static,0.7
byte_domain,399,mi_rank,0.7
byte_domain,399,random_auth0,0.69
byte_domain,400,greedy,0.78
byte_domain,400,static,0.71
byte_domain,400,mi_rank,0.71
byte_domain,400,random_auth0,0.71
byte_domain,401,greedy,0.755
byte_domain,401,static,0.775
byte_domain,401,mi_rank,0.775
byte_domain,401,random_auth0,0.725
byte_domain,402,greedy,0.705
byte_domain,402,static,0.76
byte_domain,402,mi_rank,0.76
byte_domain,402,random_auth0,0.725
byte_domain,403,greedy,0.745
byte_domain,403,static,0.75
byte_domain,403,mi_rank,0.75
byte_domain,403,random_auth0,0.69
byte_domain,404,greedy,0.735
byte_domain,404,static,0.78
byte_domain,404,mi_rank,0.78
byte_domain,404,random_auth0,0.745
byte_domain,405,greedy,0.745
byte_domain,405,static,0.705
byte_domain,405,mi_rank,0.705
byte_domain,405,random_auth0,0.72
byte_domain,406,greedy,0.755
byte_domain,406,static,0.7
byte_domain,406,mi_rank,0.7
byte_domain,406,random_auth0,0.755
byte_domain,407,greedy,0.72
byte_domain,407,static,0.73
byte_domain,407,mi_rank,0.73
byte_domain,407,random_auth0,0.73
byte_domain,408,greedy,0.805
byte_domain,408,static,0.775
byte_domain,408,mi_rank,0.775
byte_domain,408,random_auth0,0.71
byte_domain,409,greedy,0.75
byte_domain,409,static,0.69
byte_domain,409,mi_rank,0.69
byte_domain,409,random_auth0,0.66
byte_domain,410,greedy,0.72
byte_domain,410,static,0.775
byte_domain,410,mi_rank,0.775
byte_domain,410,random_auth0,0.745
byte_domain,411,greedy,0.735
byte_domain,411,static,0.715
byte_domain,411,mi_rank,0.715
byte_domain,411,random_auth0,0.715
byte_domain,412,greedy,0.775
byte_domain,412,static,0.705
byte_domain,412,mi_rank,0.705
byte_domain,412,random_auth0,0.7
byte_domain,413,greedy,0.705
byte_domain,413,static,0.75
byte_domain,413,mi_rank,0.75
byte_domain,413,random_auth0,0.725
byte_domain,414,greedy,0.76
byte_domain,414,static,0.685
byte_domain,414,mi_rank,0.685
byte_domain,414,random_auth0,0.66
byte_domain,415,greedy,0.715
byte_domain,415,static,0.69
byte_domain,415,mi_rank,0.69
byte_domain,415,random_auth0,0.725
byte_domain,416,greedy,0.725
byte_domain,416,static,0.755
byte_domain,416,mi_rank,0.755
byte_domain,416,random_auth0,0.65
byte_domain,417,greedy,0.76
byte_domain,417,static,0.765
byte_domain,417,mi_rank,0.765
byte_domain,417,random_auth0,0.72
byte_domain,418,greedy,0.69
byte_domain,418,static,0.69
byte_domain,418,mi_rank,0.69
byte_domain,418,random_auth0,0.715
byte_domain,419,greedy,0.705
byte_domain,419,static,0.735
byte_domain,419,mi_rank,0.735
byte_domain,419,random_auth0,0.77
byte_domain,420,greedy,0.715
byte_domain,420,static,0.68
byte_domain,420,mi_rank,0.68
byte_domain,420,random_auth0,0.705
byte_domain,421,greedy,0.745
byte_domain,421,static,0.75
byte_domain,421,mi_rank,0.75
byte_domain,421,random_auth0,0.69
byte_domain,422,greedy,0.695
byte_domain,422,static,0.655
byte_domain,422,mi_rank,0.655
byte_domain,422,random_auth0,0.665
byte_domain,423,greedy,0.695
byte_domain,423,static,0.755
byte_domain,423,mi_rank,0.755
byte_domain,423,random_auth0,0.745
byte_domain,424,greedy,0.755
byte_domain,424,static,0.735
byte_domain,424,mi_rank,0.735
byte_domain,424,random_auth0,0.725
byte_domain,425,greedy,0.695
byte_domain,425,static,0.705
byte_domain,425,mi_rank,0.705
byte_domain,425,random_auth0,0.71
byte_domain,426,greedy,0.73
byte_domain,426,static,0.775
byte_domain,426,mi_rank,0.775
byte_domain,426,random_auth0,0.725
byte_domain,427,greedy,0.7
byte_domain,427,static,0.745
byte_domain,427,mi_rank,0.745
byte_domain,427,random_auth0,0.775
byte_domain,428,greedy,0.755
byte_domain,428,static,0.745
byte_domain,428,mi_rank,0.745
byte_domain,428,random_auth0,0.71
byte_domain,429,greedy,0.695
byte_domain,429,static,0.76
byte_domain,429,mi_rank,0.76
byte_domain,429,random_auth0,0.775
byte_domain,430,greedy,0.695
byte_domain,430,static,0.73
byte_domain,430,mi_rank,0.73
byte_domain,430,random_auth0,0.735
byte_domain,431,greedy,0.705
byte_domain,431,static,0.76
byte_domain,431,mi_rank,0.76
byte_domain,431,random_auth0,0.75
byte_domain,432,greedy,0.77
byte_domain,432,static,0.73
byte_domain,432,mi_rank,0.73
byte_domain,432,random_auth0,0.675
byte_domain,433,greedy,0.73
byte_domain,433,static,0.71
byte_domain,433,mi_rank,0.71
byte_domain,433,random_auth0,0.685
byte_domain,434,greedy,0.705
byte_domain,434,static,0.7
byte_domain,434,mi_rank,0.695
byte_domain,434,random_auth0,0.745
byte_domain,435,greedy,0.685
byte_domain,435,static,0.72
byte_domain,435,mi_rank,0.72
byte_domain,435,random_auth0,0.74
byte_domain,436,greedy,0.735
byte_domain,436,static,0.73
byte_domain,436,mi_rank,0.73
byte_domain,436,random_auth0,0.72
byte_domain,437,greedy,0.715
byte_domain,437,static,0.7
byte_domain,437,mi_rank,0.7
byte_domain,437,random_auth0,0.725
byte_domain,438,greedy,0.74
byte_domain,438,static,0.725
byte_domain,438,mi_rank,0.725
byte_domain,438,random_auth0,0.74
byte_domain,439,greedy,0.785
byte_domain,439,static,0.705
byte_domain,439,mi_rank,0.705
byte_domain,439,random_auth0,0.705
byte_domain,440,greedy,0.76
byte_domain,440,static,0.77
byte_domain,440,mi_rank,0.77
byte_domain,440,random_auth0,0.665
byte_domain,441,greedy,0.69
byte_domain,441,static,0.74
byte_domain,441,mi_rank,0.74
byte_domain,441,random_auth0,0.62
byte_domain,442,greedy,0.7
byte_domain,442,static,0.755
byte_domain,442,mi_rank,0.755
byte_domain,442,random_auth0,0.725
byte_domain,443,greedy,0.78
byte_domain,443,static,0.765
byte_domain,443,mi_rank,0.765
byte_domain,443,random_auth0,0.72
byte_domain,444,greedy,0.735
byte_domain,444,static,0.745
byte_domain,444,mi_rank,0.745
byte_domain,444,random_auth0,0.705
byte_domain,445,greedy,0.79
byte_domain,445,static,0.695
byte_domain,445,mi_rank,0.695
byte_domain,445,random_auth0,0.725
byte_domain,446,greedy,0.685
byte_domain,446,static,0.72
byte_domain,446,mi_rank,0.72
byte_domain,446,random_auth0,0.775
byte_domain,447,greedy,0.705
byte_domain,447,static,0.745
byte_domain,447,mi_rank,0.745
byte_domain,447,random_auth0,0.675
byte_domain,448,greedy,0.74
byte_domain,448,static,0.725
byte_domain,448,mi_rank,0.725
byte_domain,448,random_auth0,0.7
byte_domain,449,greedy,0.735
byte_domain,449,static,0.72
byte_domain,449,mi_rank,0.72
byte_domain,449,random_auth0,0.705
byte_domain,450,greedy,0.735
byte_domain,450,static,0.725
byte_domain,450,mi_rank,0.725
byte_domain,450,random_auth0,0.725
byte_domain,451,greedy,0.76
byte_domain,451,static,0.745
byte_domain,451,mi_rank,0.745
byte_domain,451,random_auth0,0.745
byte_domain,452,greedy,0.755
byte_domain,452,static,0.735
byte_domain,452,mi_rank,0.735
byte_domain,452,random_auth0,0.685
byte_domain,453,greedy,0.735
byte_domain,453,static,0.75
byte_domain,453,mi_rank,0.75
byte_domain,453,random_auth0,0.7
byte_domain,454,greedy,0.725
byte_domain,454,static,0.745
byte_domain,454,mi_rank,0.745
byte_domain,454,random_auth0,0.785
byte_domain,455,greedy,0.75
byte_domain,455,static,0.75
byte_domain,455,mi_rank,0.75
byte_domain,455,random_auth0,0.745
byte_domain,456,greedy,0.71
byte_domain,456,static,0.775
byte_domain,456,mi_rank,0.775
byte_domain,456,random_auth0,0.72
byte_domain,457,greedy,0.74
byte_domain,457,static,0.725
byte_domain,457,mi_rank,0.725
byte_domain,457,random_auth0,0.765
byte_domain,458,greedy,0.695
byte_domain,458,static,0.725
byte_domain,458,mi_rank,0.725
byte_domain,458,random_auth0,0.71
byte_domain,459,greedy,0.765
byte_domain,459,static,0.695
byte_domain,459,mi_rank,0.695
byte_domain,459,random_auth0,0.73
byte_domain,460,greedy,0.7
byte_domain,460,static,0.73
byte_domain,460,mi_rank,0.73
byte_domain,460,random_auth0,0.675
byte_domain,461,greedy,0.72
byte_domain,461,static,0.73
byte_domain,461,mi_rank,0.73
byte_domain,461,random_auth0,0.725
byte_domain,462,greedy,0.7
byte_domain,462,static,0.735
byte_domain,462,mi_rank,0.735
byte_domain,462,random_auth0,0.72
byte_domain,463,greedy,0.71
byte_domain,463,static,0.69
byte_domain,463,mi_rank,0.69
byte_domain,463,random_auth0,0.73
byte_domain,464,greedy,0.7
byte_domain,464,static,0.755
byte_domain,464,mi_rank,0.755
byte_domain,464,random_auth0,0.74
byte_domain,465,greedy,0.69
byte_domain,465,static,0.745
byte_domain,465,mi_rank,0.745
byte_domain,465,random_auth0,0.725
byte_domain,466,greedy,0.715
byte_domain,466,static,0.75
byte_domain,466,mi_rank,0.75
byte_domain,466,random_auth0,0.69
byte_domain,467,greedy,0.745
byte_domain,467,static,0.735
byte_domain,467,mi_rank,0.735
byte_domain,467,random_auth0,0.76
byte_domain,468,greedy,0.74
byte_domain,468,static,0.73
byte_domain,468,mi_rank,0.73
byte_domain,468,random_auth0,0.695
byte_domain,469,greedy,0.695
byte_domain,469,static,0.715
byte_domain,469,mi_rank,0.715
byte_domain,469,random_auth0,0.78
byte_domain,470,greedy,0.735
byte_domain,470,static,0.76
byte_domain,470,mi_rank,0.76
byte_domain,470,random_auth0,0.7
byte_domain,471,greedy,0.76
byte_domain,471,static,0.775
byte_domain,471,mi_rank,0.775
byte_domain,471,random_auth0,0.67
byte_domain,472,greedy,0.675
byte_domain,472,static,0.79
byte_domain,472,mi_rank,0.79
byte_domain,472,random_auth0,0.735
byte_domain,473,greedy,0.705
byte_domain,473,static,0.7
byte_domain,473,mi_rank,0.7
byte_domain,473,random_auth0,0.67
byte_domain,474,greedy,0.745
byte_domain,474,static,0.735
byte_domain,474,mi_rank,0.735
byte_domain,474,random_auth0,0.75
byte_domain,475,greedy,0.715
byte_domain,475,static,0.72
byte_domain,475,mi_rank,0.72
byte_domain,475,random_auth0,0.72
byte_domain,476,greedy,0.705
byte_domain,476,static,0.705
byte_domain,476,mi_rank,0.705
byte_domain,476,random_auth0,0.715
byte_domain,477,greedy,0.725
byte_domain,477,static,0.71
byte_domain,477,mi_rank,0.71
byte_domain,477,random_auth0,0.69
byte_domain,478,greedy,0.695
byte_domain,478,static,0.73
byte_domain,478,mi_rank,0.73
byte_domain,478,random_auth0,0.695
byte_domain,479,greedy,0.735
byte_domain,479,static,0.77
byte_domain,479,mi_rank,0.77
byte_domain,479,random_auth0,0.735
byte_domain,480,greedy,0.74
byte_domain,480,static,0.725
byte_domain,480,mi_rank,0.725
byte_domain,480,random_auth0,0.705
byte_domain,481,greedy,0.77
byte_domain,481,static,0.72
byte_domain,481,mi_rank,0.72
byte_domain,481,random_auth0,0.715
byte_domain,482,greedy,0.73
byte_domain,482,static,0.695
byte_domain,482,mi_rank,0.695
byte_domain,482,random_auth0,0.68
byte_domain,483,greedy,0.765
byte_domain,483,static,0.805
byte_domain,483,mi_rank,0.805
byte_domain,483,random_auth0,0.73
byte_domain,484,greedy,0.72
byte_domain,484,static,0.75
byte_domain,484,mi_rank,0.75
byte_domain,484,random_auth0,0.76
byte_domain,485,greedy,0.695
byte_domain,485,static,0.71
byte_domain,485,mi_rank,0.71
byte_domain,485,random_auth0,0.7
byte_domain,486,greedy,0.755
byte_domain,486,static,0.745
byte_domain,486,mi_rank,0.745
byte_domain,486,random_auth0,0.725
byte_domain,487,greedy,0.76
byte_domain,487,static,0.735
byte_domain,487,mi_rank,0.735
byte_domain,487,random_auth0,0.64
byte_domain,488,greedy,0.745
byte_domain,488,static,0.735
byte_domain,488,mi_rank,0.735
byte_domain,488,random_auth0,0.74
byte_domain,489,greedy,0.69
byte_domain,489,static,0.75
byte_domain,489,mi_rank,0.75
byte_domain,489,random_auth0,0.775
byte_domain,490,greedy,0.745
byte_domain,490,static,0.655
byte_domain,490,mi_rank,0.655
byte_domain,490,random_auth0,0.71
byte_domain,491,greedy,0.715
byte_domain,491,static,0.675
byte_domain,491,mi_rank,0.675
byte_domain,491,random_auth0,0.7
byte_domain,492,greedy,0.73
byte_domain,492,static,0.735
byte_domain,492,mi_rank,0.735
byte_domain,492,random_auth0,0.685
byte_domain,493,greedy,0.74
byte_domain,493,static,0.72
byte_domain,493,mi_rank,0.72
byte_domain,493,random_auth0,0.645
byte_domain,494,greedy,0.74
byte_domain,494,static,0.705
byte_domain,494,mi_rank,0.705
byte_domain,494,random_auth0,0.635
byte_domain,495,greedy,0.72
byte_domain,495,static,0.675
byte_domain,495,mi_rank,0.675
byte_domain,495,random_auth0,0.685
byte_domain,496,greedy,0.69
byte_domain,496,static,0.735
byte_domain,496,mi_rank,0.735
byte_domain,496,random_auth0,0.745
byte_domain,497,greedy,0.7
byte_domain,497,static,0.75
byte_domain,497,mi_rank,0.75
byte_domain,497,random_auth0,0.74
byte_domain,498,greedy,0.69
byte_domain,498,static,0.725
byte_domain,498,mi_rank,0.725
byte_domain,498,random_auth0,0.705
byte_domain,499,greedy,0.715
byte_domain,499,static,0.715
byte_domain,499,mi_rank,0.71
byte_domain,499,random_auth0,0.735
byte_domain,500,greedy,0.74
byte_domain,500,static,0.74
byte_domain,500,mi_rank,0.74
byte_domain,500,random_auth0,0.72
byte_domain,501,greedy,0.715
byte_domain,501,static,0.745
byte_domain,501,mi_rank,0.745
byte_domain,501,random_auth0,0.69
byte_domain,502,greedy,0.72
byte_domain,502,static,0.75
byte_domain,502,mi_rank,0.75
byte_domain,502,random_auth0,0.745
byte_domain,503,greedy,0.75
byte_domain,503,static,0.74
byte_domain,503,mi_rank,0.74
byte_domain,503,random_auth0,0.73
byte_domain,504,greedy,0.73
byte_domain,504,static,0.725
byte_domain,504,mi_rank,0.725
byte_domain,504,random_auth0,0.735
byte_domain,505,greedy,0.735
byte_domain,505,static,0.78
byte_domain,505,mi_rank,0.78
byte_domain,505,random_auth0,0.705
byte_domain,506,greedy,0.695
byte_domain,506,static,0.71
byte_domain,506,mi_rank,0.71
byte_domain,506,random_auth0,0.695
byte_domain,507,greedy,0.745
byte_domain,507,static,0.72
byte_domain,507,mi_rank,0.72
byte_domain,507,random_auth0,0.66
byte_domain,508,greedy,0.705
byte_domain,508,static,0.765
byte_domain,508,mi_rank,0.765
byte_domain,508,random_auth0,0.76
byte_domain,509,greedy,0.71
byte_domain,509,static,0.71
byte_domain,509,mi_rank,0.71
byte_domain,509,random_auth0,0.695
byte_domain,510,greedy,0.76
byte_domain,510,static,0.78
byte_domain,510,mi_rank,0.78
byte_domain,510,random_auth0,0.725
byte_domain,511,greedy,0.785
byte_domain,511,static,0.705
byte_domain,511,mi_rank,0.705
byte_domain,511,random_auth0,0.685
byte_domain,512,greedy,0.76
byte_domain,512,static,0.705
byte_domain,512,mi_rank,0.71
byte_domain,512,random_auth0,0.745
byte_domain,513,greedy,0.705
byte_domain,513,static,0.725
byte_domain,513,mi_rank,0.725
byte_domain,513,random_auth0,0.755
byte_domain,514,greedy,0.75
byte_domain,514,static,0.745
byte_domain,514,mi_rank,0.745
byte_domain,514,random_auth0,0.74
byte_domain,515,greedy,0.745
byte_domain,515,static,0.79
byte_domain,515,mi_rank,0.79
byte_domain,515,random_auth0,0.76
byte_domain,516,greedy,0.69
byte_domain,516,static,0.775
byte_domain,516,mi_rank,0.775
byte_domain,516,random_auth0,0.73
byte_domain,517,greedy,0.73
byte_domain,517,static,0.775
byte_domain,517,mi_rank,0.775
byte_domain,517,random_auth0,0.805
byte_domain,518,greedy,0.7
byte_domain,518,static,0.725
byte_domain,518,mi_rank,0.725
byte_domain,518,random_auth0,0.715
byte_domain,519,greedy,0.725
byte_domain,519,static,0.69
byte_domain,519,mi_rank,0.69
byte_domain,519,random_auth0,0.69
byte_domain,520,greedy,0.7
byte_domain,520,static,0.74
byte_domain,520,mi_rank,0.74
byte_domain,520,random_auth0,0.735
byte_domain,521,greedy,0.76
byte_domain,521,static,0.765
byte_domain,521,mi_rank,0.76
byte_domain,521,random_auth0,0.68
byte_domain,522,greedy,0.71
byte_domain,522,static,0.715
byte_domain,522,mi_rank,0.715
byte_domain,522,random_auth0,0.73
byte_domain,523,greedy,0.765
byte_domain,523,static,0.72
byte_domain,523,mi_rank,0.725
byte_domain,523,random_auth0,0.685
byte_domain,524,greedy,0.8
byte_domain,524,static,0.75
byte_domain,524,mi_rank,0.75
byte_domain,524,random_auth0,0.705
byte_domain,525,greedy,0.75
byte_domain,525,static,0.69
byte_domain,525,mi_rank,0.69
byte_domain,525,random_auth0,0.745
byte_domain,526,greedy,0.705
byte_domain,526,static,0.73
byte_domain,526,mi_rank,0.73
byte_domain,526,random_auth0,0.715
byte_domain,527,greedy,0.765
byte_domain,527,static,0.74
byte_domain,527,mi_rank,0.74
byte_domain,527,random_auth0,0.75
byte_domain,528,greedy,0.72
byte_domain,528,static,0.735
byte_domain,528,mi_rank,0.735
byte_domain,528,random_auth0,0.71
byte_domain,529,greedy,0.725
byte_domain,529,static,0.71
byte_domain,529,mi_rank,0.71
byte_domain,529,random_auth0,0.695
byte_domain,530,greedy,0.75
byte_domain,530,static,0.73
byte_domain,530,mi_rank,0.73
byte_domain,530,random_auth0,0.64
byte_domain,531,greedy,0.69
byte_domain,531,static,0.73
byte_domain,531,mi_rank,0.73
byte_domain,531,random_auth0,0.715
byte_domain,532,greedy,0.72
byte_domain,532,static,0.725
byte_domain,532,mi_rank,0.725
byte_domain,532,random_auth0,0.775
byte_domain,533,greedy,0.76
byte_domain,533,static,0.71
byte_domain,533,mi_rank,0.71
byte_domain,533,random_auth0,0.75
byte_domain,534,greedy,0.78
byte_domain,534,static,0.745
byte_domain,534,mi_rank,0.745
byte_domain,534,random_auth0,0.745
byte_domain,535,greedy,0.705
byte_domain,535,static,0.715
byte_domain,535,mi_rank,0.715
byte_domain,535,random_auth0,0.715
byte_domain,536,greedy,0.715
byte_domain,536,static,0.805
byte_domain,536,mi_rank,0.805
byte_domain,536,random_auth0,0.71
byte_domain,537,greedy,0.645
byte_domain,537,static,0.755
byte_domain,537,mi_rank,0.755
byte_domain,537,random_auth0,0.7
byte_domain,538,greedy,0.71
byte_domain,538,static,0.715
byte_domain,538,mi_rank,0.715
byte_domain,538,random_auth0,0.775
byte_domain,539,greedy,0.745
byte_domain,539,static,0.7
byte_domain,539,mi_rank,0.7
byte_domain,539,random_auth0,0.68
byte_domain,540,greedy,0.77
byte_domain,540,static,0.755
byte_domain,540,mi_rank,0.755
byte_domain,540,random_auth0,0.715
byte_domain,541,greedy,0.735
byte_domain,541,static,0.775
byte_domain,541,mi_rank,0.775
byte_domain,541,random_auth0,0.67
byte_domain,542,greedy,0.735
byte_domain,542,static,0.74
byte_domain,542,mi_rank,0.74
byte_domain,542,random_auth0,0.73
byte_domain,543,greedy,0.71
byte_domain,543,static,0.69
byte_domain,543,mi_rank,0.69
byte_domain,543,random_auth0,0.745
byte_domain,544,greedy,0.725
byte_domain,544,static,0.7
byte_domain,544,mi_rank,0.7
byte_domain,544,random_auth0,0.695
byte_domain,545,greedy,0.735
byte_domain,545,static,0.75
byte_domain,545,mi_rank,0.75
byte_domain,545,random_auth0,0.715
byte_domain,546,greedy,0.725
byte_domain,546,static,0.73
byte_domain,546,mi_rank,0.73
byte_domain,546,random_auth0,0.7
byte_domain,547,greedy,0.755
byte_domain,547,static,0.73
byte_domain,547,mi_rank,0.73
byte_domain,547,random_auth0,0.695
byte_domain,548,greedy,0.72
byte_domain,548,static,0.745
byte_domain,548,mi_rank,0.745
byte_domain,548,random_auth0,0.735
byte_domain,549,greedy,0.745
byte_domain,549,static,0.74
byte_domain,549,mi_rank,0.74
byte_domain,549,random_auth0,0.715
byte_domain,550,greedy,0.72
byte_domain,550,static,0.77
byte_domain,550,mi_rank,0.77
byte_domain,550,random_auth0,0.635
byte_domain,551,greedy,0.735
byte_domain,551,static,0.74
byte_domain,551,mi_rank,0.74
byte_domain,551,random_auth0,0.78
byte_domain,552,greedy,0.75
byte_domain,552,static,0.725
byte_domain,552,mi_rank,0.725
byte_domain,552,random_auth0,0.74
byte_domain,553,greedy,0.745
byte_domain,553,static,0.735
byte_domain,553,mi_rank,0.73
byte_domain,553,random_auth0,0.68
byte_domain,554,greedy,0.68
byte_domain,554,static,0.74
byte_domain,554,mi_rank,0.74
byte_domain,554,random_auth0,0.715
byte_domain,555,greedy,0.705
byte_domain,555,static,0.695
byte_domain,555,mi_rank,0.695
byte_domain,555,random_auth0,0.66
byte_domain,556,greedy,0.76
byte_domain,556,static,0.715
byte_domain,556,mi_rank,0.715
byte_domain,556,random_auth0,0.695
byte_domain,557,greedy,0.775
byte_domain,557,static,0.72
byte_domain,557,mi_rank,0.72
byte_domain,557,random_auth0,0.75
byte_domain,558,greedy,0.745
byte_domain,558,static,0.715
byte_domain,558,mi_rank,0.715
byte_domain,558,random_auth0,0.735
byte_domain,559,greedy,0.72
byte_domain,559,static,0.72
byte_domain,559,mi_rank,0.72
byte_domain,559,random_auth0,0.72
byte_domain,560,greedy,0.765
byte_domain,560,static,0.715
byte_domain,560,mi_rank,0.715
byte_domain,560,random_auth0,0.665
byte_domain,561,greedy,0.715
byte_domain,561,static,0.795
byte_domain,561,mi_rank,0.795
byte_domain,561,random_auth0,0.75
byte_domain,562,greedy,0.745
byte_domain,562,static,0.67
byte_domain,562,mi_rank,0.675
byte_domain,562,random_auth0,0.72
byte_domain,563,greedy,0.74
byte_domain,563,static,0.68
byte_domain,563,mi_rank,0.68
byte_domain,563,random_auth0,0.74
byte_domain,564,greedy,0.745
byte_domain,564,static,0.69
byte_domain,564,mi_rank,0.69
byte_domain,564,random_auth0,0.745
byte_domain,565,greedy,0.745
byte_domain,565,static,0.7
byte_domain,565,mi_rank,0.7
byte_domain,565,random_auth0,0.74
byte_domain,566,greedy,0.745
byte_domain,566,static,0.67
byte_domain,566,mi_rank,0.67
byte_domain,566,random_auth0,0.71
byte_domain,567,greedy,0.715
byte_domain,567,static,0.795
byte_domain,567,mi_rank,0.795
byte_domain,567,random_auth0,0.745
byte_domain,568,greedy,0.75
byte_domain,568,static,0.705
byte_domain,568,mi_rank,0.705
byte_domain,568,random_auth0,0.745
byte_domain,569,greedy,0.76
byte_domain,569,static,0.785
byte_domain,569,mi_rank,0.785
byte_domain,569,random_auth0,0.76
byte_domain,570,greedy,0.735
byte_domain,570,static,0.72
byte_domain,570,mi_rank,0.72
byte_domain,570,random_auth0,0.66
byte_domain,571,greedy,0.7
byte_domain,571,static,0.73
byte_domain,571,mi_rank,0.73
byte_domain,571,random_auth0,0.71
byte_domain,572,greedy,0.735
byte_domain,572,static,0.695
byte_domain,572,mi_rank,0.695
byte_domain,572,random_auth0,0.745
byte_domain,573,greedy,0.715
byte_domain,573,static,0.72
byte_domain,573,mi_rank,0.72
byte_domain,573,random_auth0,0.72
byte_domain,574,greedy,0.735
byte_domain,574,static,0.705
byte_domain,574,mi_rank,0.705
byte_domain,574,random_auth0,0.71
byte_domain,575,greedy,0.745
byte_domain,575,static,0.72
byte_domain,575,mi_rank,0.72
byte_domain,575,random_auth0,0.655
byte_domain,576,greedy,0.73
byte_domain,576,static,0.74
byte_domain,576,mi_rank,0.74
byte_domain,576,random_auth0,0.71
byte_domain,577,greedy,0.795
byte_domain,577,static,0.725
byte_domain,577,mi_rank,0.725
byte_domain,577,random_auth0,0.715
byte_domain,578,greedy,0.755
byte_domain,578,static,0.755
byte_domain,578,mi_rank,0.755
byte_domain,578,random_auth0,0.69
byte_domain,579,greedy,0.73
byte_domain,579,static,0.705
byte_domain,579,mi_rank,0.705
byte_domain,579,random_auth0,0.74
byte_domain,580,greedy,0.735
byte_domain,580,static,0.65
byte_domain,580,mi_rank,0.65
byte_domain,580,random_auth0,0.72
byte_domain,581,greedy,0.72
byte_domain,581,static,0.73
byte_domain,581,mi_rank,0.73
byte_domain,581,random_auth0,0.7
byte_domain,582,greedy,0.71
byte_domain,582,static,0.745
byte_domain,582,mi_rank,0.745
byte_domain,582,random_auth0,0.73
byte_domain,583,greedy,0.73
byte_domain,583,static,0.77
byte_domain,583,mi_rank,0.77
byte_domain,583,random_auth0,0.75
byte_domain,584,greedy,0.72
byte_domain,584,static,0.68
byte_domain,584,mi_rank,0.68
byte_domain,584,random_auth0,0.705
byte_domain,585,greedy,0.79
byte_domain,585,static,0.72
byte_domain,585,mi_rank,0.72
byte_domain,585,random_auth0,0.715
byte_domain,586,greedy,0.715
byte_domain,586,static,0.78
byte_domain,586,mi_rank,0.78
byte_domain,586,random_auth0,0.72
byte_domain,587,greedy,0.75
byte_domain,587,static,0.705
byte_domain,587,mi_rank,0.705
byte_domain,587,random_auth0,0.735
byte_domain,588,greedy,0.7
byte_domain,588,static,0.715
byte_domain,588,mi_rank,0.715
byte_domain,588,random_auth0,0.73
byte_domain,589,greedy,0.71
byte_domain,589,static,0.74
byte_domain,589,mi_rank,0.74
byte_domain,589,random_auth0,0.69
byte_domain,590,greedy,0.78
byte_domain,590,static,0.735
byte_domain,590,mi_rank,0.735
byte_domain,590,random_auth0,0.73
byte_domain,591,greedy,0.74
byte_domain,591,static,0.7
byte_domain,591,mi_rank,0.7
byte_domain,591,random_auth0,0.715
byte_domain,592,greedy,0.665
byte_domain,592,static,0.725
byte_domain,592,mi_rank,0.725
byte_domain,592,random_auth0,0.73
byte_domain,593,greedy,0.775
byte_domain,593,static,0.815
byte_domain,593,mi_rank,0.815
byte_domain,593,random_auth0,0.705
byte_domain,594,greedy,0.72
byte_domain,594,static,0.715
byte_domain,594,mi_rank,0.715
byte_domain,594,random_auth0,0.71
byte_domain,595,greedy,0.73
byte_domain,595,static,0.695
byte_domain,595,mi_rank,0.695
byte_domain,595,random_auth0,0.745
byte_domain,596,greedy,0.735
byte_domain,596,static,0.68
byte_domain,596,mi_rank,0.68
byte_domain,596,random_auth0,0.735
byte_domain,597,greedy,0.735
byte_domain,597,static,0.72
byte_domain,597,mi_rank,0.72
byte_domain,597,random_auth0,0.725
byte_domain,598,greedy,0.65
byte_domain,598,static,0.715
byte_domain,598,mi_rank,0.715
byte_domain,598,random_auth0,0.69
byte_domain,599,greedy,0.715
byte_domain,599,static,0.71
byte_domain,599,mi_rank,0.71
byte_domain,599,random_auth0,0.735
byte_domain,600,greedy,0.73
byte_domain,600,static,0.67
byte_domain,600,mi_rank,0.67
byte_domain,600,random_auth0,0.775
byte_domain,601,greedy,0.73
byte_domain,601,static,0.665
byte_domain,601,mi_rank,0.665
byte_domain,601,random_auth0,0.77
byte_domain,602,greedy,0.78
byte_domain,602,static,0.755
byte_domain,602,mi_rank,0.755
byte_domain,602,random_auth0,0.71
byte_domain,603,greedy,0.745
byte_domain,603,static,0.68
byte_domain,603,mi_rank,0.68
byte_domain,603,random_auth0,0.66
byte_domain,604,greedy,0.76
byte_domain,604,static,0.62
byte_domain,604,mi_rank,0.62
byte_domain,604,random_auth0,0.735
byte_domain,605,greedy,0.715
byte_domain,605,static,0.725
byte_domain,605,mi_rank,0.725
byte_domain,605,random_auth0,0.675
byte_domain,606,greedy,0.735
byte_domain,606,static,0.715
byte_domain,606,mi_rank,0.715
byte_domain,606,random_auth0,0.72
byte_domain,607,greedy,0.715
byte_domain,607,static,0.745
byte_domain,607,mi_rank,0.745
byte_domain,607,random_auth0,0.685
byte_domain,608,greedy,0.785
byte_domain,608,static,0.72
byte_domain,608,mi_rank,0.72
byte_domain,608,random_auth0,0.665
byte_domain,609,greedy,0.725
byte_domain,609,static,0.715
byte_domain,609,mi_rank,0.715
byte_domain,609,random_auth0,0.72
byte_domain,610,greedy,0.765
byte_domain,610,static,0.7
byte_domain,610,mi_rank,0.7
byte_domain,610,random_auth0,0.705
byte_domain,611,greedy,0.775
byte_domain,611,static,0.775
byte_domain,611,mi_rank,0.775
byte_domain,611,random_auth0,0.64
byte_domain,612,greedy,0.765
byte_domain,612,static,0.74
byte_domain,612,mi_rank,0.74
byte_domain,612,random_auth0,0.7
byte_domain,613,greedy,0.665
byte_domain,613,static,0.73
byte_domain,613,mi_rank,0.73
byte_domain,613,random_auth0,0.715
byte_domain,614,greedy,0.71
byte_domain,614,static,0.805
byte_domain,614,mi_rank,0.805
byte_domain,614,random_auth0,0.705
byte_domain,615,greedy,0.715
byte_domain,615,static,0.775
byte_domain,615,mi_rank,0.775
byte_domain,615,random_auth0,0.73
byte_domain,616,greedy,0.695
byte_domain,616,static,0.73
byte_domain,616,mi_rank,0.73
byte_domain,616,random_auth0,0.7
byte_domain,617,greedy,0.725
byte_domain,617,static,0.685
byte_domain,617,mi_rank,0.685
byte_domain,617,random_auth0,0.71
byte_domain,618,greedy,0.74
byte_domain,618,static,0.755
byte_domain,618,mi_rank,0.755
byte_domain,618,random_auth0,0.695
byte_domain,619,greedy,0.72
byte_domain,619,static,0.75
byte_domain,619,mi_rank,0.75
byte_domain,619,random_auth0,0.735
byte_domain,620,greedy,0.68
byte_domain,620,static,0.74
byte_domain,620,mi_rank,0.74
byte_domain,620,random_auth0,0.685
byte_domain,621,greedy,0.73
byte_domain,621,static,0.71
byte_domain,621,mi_rank,0.71
byte_domain,621,random_auth0,0.745
byte_domain,622,greedy,0.755
byte_domain,622,static,0.7
byte_domain,622,mi_rank,0.7
byte_domain,622,random_auth0,0.715
byte_domain,623,greedy,0.74
byte_domain,623,static,0.715
byte_domain,623,mi_rank,0.715
byte_domain,623,random_auth0,0.685
byte_domain,624,greedy,0.7
byte_domain,624,static,0.69
byte_domain,624,mi_rank,0.69
byte_domain,624,random_auth0,0.72
byte_domain,625,greedy,0.755
byte_domain,625,static,0.735
byte_domain,625,mi_rank,0.735
byte_domain,625,random_auth0,0.71
byte_domain,626,greedy,0.665
byte_domain,626,static,0.77
byte_domain,626,mi_rank,0.77
byte_domain,626,random_auth0,0.64
byte_domain,627,greedy,0.765
byte_domain,627,static,0.73
byte_domain,627,mi_rank,0.73
byte_domain,627,random_auth0,0.735
byte_domain,628,greedy,0.77
byte_domain,628,static,0.71
byte_domain,628,mi_rank,0.71
byte_domain,628,random_auth0,0.725
byte_domain,629,greedy,0.77
byte_domain,629,static,0.72
byte_domain,629,mi_rank,0.72
byte_domain,629,random_auth0,0.715
byte_domain,630,greedy,0.745
byte_domain,630,static,0.73
byte_domain,630,mi_rank,0.73
byte_domain,630,random_auth0,0.715
byte_domain,631,greedy,0.71
byte_domain,631,static,0.7
byte_domain,631,mi_rank,0.7
byte_domain,631,random_auth0,0.765
byte_domain,632,greedy,0.72
byte_domain,632,static,0.69
byte_domain,632,mi_rank,0.69
byte_domain,632,random_auth0,0.74
byte_domain,633,greedy,0.78
byte_domain,633,static,0.705
byte_domain,633,mi_rank,0.705
byte_domain,633,random_auth0,0.665
byte_domain,634,greedy,0.775
byte_domain,634,static,0.765
byte_domain,634,mi_rank,0.765
byte_domain,634,random_auth0,0.755
byte_domain,635,greedy,0.71
byte_domain,635,static,0.76
byte_domain,635,mi_rank,0.76
byte_domain,635,random_auth0,0.75
byte_domain,636,greedy,0.705
byte_domain,636,static,0.72
byte_domain,636,mi_rank,0.725
byte_domain,636,random_auth0,0.7
byte_domain,637,greedy,0.735
byte_domain,637,static,0.75
byte_domain,637,mi_rank,0.75
byte_domain,637,random_auth0,0.695
byte_domain,638,greedy,0.745
byte_domain,638,static,0.71
byte_domain,638,mi_rank,0.71
byte_domain,638,random_auth0,0.66
byte_domain,639,greedy,0.685
byte_domain,639,static,0.675
byte_domain,639,mi_rank,0.675
byte_domain,639,random_auth0,0.705
byte_domain,640,greedy,0.69
byte_domain,640,static,0.745
byte_domain,640,mi_rank,0.745
byte_domain,640,random_auth0,0.73
byte_domain,641,greedy,0.71
byte_domain,641,static,0.725
byte_domain,641,mi_rank,0.725
byte_domain,641,random_auth0,0.67
byte_domain,642,greedy,0.69
byte_domain,642,static,0.725
byte_domain,642,mi_rank,0.725
byte_domain,642,random_auth0,0.71
byte_domain,643,greedy,0.75
byte_domain,643,static,0.735
byte_domain,643,mi_rank,0.735
byte_domain,643,random_auth0,0.71
byte_domain,644,greedy,0.73
byte_domain,644,static,0.74
byte_domain,644,mi_rank,0.74
byte_domain,644,random_auth0,0.72
byte_domain,645,greedy,0.72
byte_domain,645,static,0.71
byte_domain,645,mi_rank,0.71
byte_domain,645,random_auth0,0.66
byte_domain,646,greedy,0.675
byte_domain,646,static,0.725
byte_domain,646,mi_rank,0.725
byte_domain,646,random_auth0,0.67
byte_domain,647,greedy,0.74
byte_domain,647,static,0.72
byte_domain,647,mi_rank,0.725
byte_domain,647,random_auth0,0.695
byte_domain,648,greedy,0.725
byte_domain,648,static,0.76
byte_domain,648,mi_rank,0.76
byte_domain,648,random_auth0,0.72
byte_domain,649,greedy,0.77
byte_domain,649,static,0.71
byte_domain,649,mi_rank,0.71
byte_domain,649,random_auth0,0.75
byte_domain,650,greedy,0.725
byte_domain,650,static,0.665
byte_domain,650,mi_rank,0.665
byte_domain,650,random_auth0,0.715
byte_domain,651,greedy,0.705
byte_domain,651,static,0.725
byte_domain,651,mi_rank,0.725
byte_domain,651,random_auth0,0.68
byte_domain,652,greedy,0.765
byte_domain,652,static,0.705
byte_domain,652,mi_rank,0.705
byte_domain,652,random_auth0,0.73
byte_domain,653,greedy,0.715
byte_domain,653,static,0.69
byte_domain,653,mi_rank,0.69
byte_domain,653,random_auth0,0.71
byte_domain,654,greedy,0.735
byte_domain,654,static,0.68
byte_domain,654,mi_rank,0.68
byte_domain,654,random_auth0,0.695
byte_domain,655,greedy,0.715
byte_domain,655,static,0.745
byte_domain,655,mi_rank,0.745
byte_domain,655,random_auth0,0.745
byte_domain,656,greedy,0.71
byte_domain,656,static,0.72
byte_domain,656,mi_rank,0.72
byte_domain,656,random_auth0,0.73
byte_domain,657,greedy,0.69
byte_domain,657,static,0.755
byte_domain,657,mi_rank,0.755
byte_domain,657,random_auth0,0.67
byte_domain,658,greedy,0.785
byte_domain,658,static,0.715
byte_domain,658,mi_rank,0.715
byte_domain,658,random_auth0,0.64
byte_domain,659,greedy,0.665
byte_domain,659,static,0.75
byte_domain,659,mi_rank,0.75
byte_domain,659,random_auth0,0.715
byte_domain,660,greedy,0.71
byte_domain,660,static,0.71
byte_domain,660,mi_rank,0.71
byte_domain,660,random_auth0,0.745
byte_domain,661,greedy,0.69
byte_domain,661,static,0.7
byte_domain,661,mi_rank,0.7
byte_domain,661,random_auth0,0.78
byte_domain,662,greedy,0.705
byte_domain,662,static,0.765
byte_domain,662,mi_rank,0.765
byte_domain,662,random_auth0,0.725
byte_domain,663,greedy,0.755
byte_domain,663,static,0.78
byte_domain,663,mi_rank,0.78
byte_domain,663,random_auth0,0.685
byte_domain,664,greedy,0.73
byte_domain,664,static,0.75
byte_domain,664,mi_rank,0.75
byte_domain,664,random_auth0,0.69
byte_domain,665,greedy,0.755
byte_domain,665,static,0.68
byte_domain,665,mi_rank,0.68
byte_domain,665,random_auth0,0.685
byte_domain,666,greedy,0.76
byte_domain,666,static,0.745
byte_domain,666,mi_rank,0.745
byte_domain,666,random_auth0,0.705
byte_domain,667,greedy,0.715
byte_domain,667,static,0.775
byte_domain,667,mi_rank,0.775
byte_domain,667,random_auth0,0.725
byte_domain,668,greedy,0.745
byte_domain,668,static,0.69
byte_domain,668,mi_rank,0.69
byte_domain,668,random_auth0,0.665
byte_domain,669,greedy,0.68
byte_domain,669,static,0.69
byte_domain,669,mi_rank,0.69
byte_domain,669,random_auth0,0.71
byte_domain,670,greedy,0.71
byte_domain,670,static,0.735
byte_domain,670,mi_rank,0.735
byte_domain,670,random_auth0,0.72
byte_domain,671,greedy,0.74
byte_domain,671,static,0.725
byte_domain,671,mi_rank,0.725
byte_domain,671,random_auth0,0.73
byte_domain,672,greedy,0.74
byte_domain,672,static,0.715
byte_domain,672,mi_rank,0.715
byte_domain,672,random_auth0,0.705
byte_domain,673,greedy,0.73
byte_domain,673,static,0.7
byte_domain,673,mi_rank,0.7
byte_domain,673,random_auth0,0.71
byte_domain,674,greedy,0.72
byte_domain,674,static,0.73
byte_domain,674,mi_rank,0.73
byte_domain,674,random_auth0,0.69
byte_domain,675,greedy,0.755
byte_domain,675,static,0.775
byte_domain,675,mi_rank,0.775
byte_domain,675,random_auth0,0.725
byte_domain,676,greedy,0.705
byte_domain,676,static,0.74
byte_domain,676,mi_rank,0.74
byte_domain,676,random_auth0,0.685
byte_domain,677,greedy,0.74
byte_domain,677,static,0.78
byte_domain,677,mi_rank,0.78
byte_domain,677,random_auth0,0.735
byte_domain,678,greedy,0.77
byte_domain,678,static,0.77
byte_domain,678,mi_rank,0.77
byte_domain,678,random_auth0,0.735
byte_domain,679,greedy,0.75
byte_domain,679,static,0.7
byte_domain,679,mi_rank,0.7
byte_domain,679,random_auth0,0.75
byte_domain,680,greedy,0.755
byte_domain,680,static,0.78
byte_domain,680,mi_rank,0.78
byte_domain,680,random_auth0,0.705
byte_domain,681,greedy,0.745
byte_domain,681,static,0.73
byte_domain,681,mi_rank,0.73
byte_domain,681,random_auth0,0.66
byte_domain,682,greedy,0.75
byte_domain,682,static,0.715
byte_domain,682,mi_rank,0.715
byte_domain,682,random_auth0,0.735
byte_domain,683,greedy,0.735
byte_domain,683,static,0.72
byte_domain,683,mi_rank,0.72
byte_domain,683,random_auth0,0.755
byte_domain,684,greedy,0.725
byte_domain,684,static,0.725
byte_domain,684,mi_rank,0.725
byte_domain,684,random_auth0,0.73
byte_domain,685,greedy,0.715
byte_domain,685,static,0.745
byte_domain,685,mi_rank,0.745
byte_domain,685,random_auth0,0.7
byte_domain,686,greedy,0.78
byte_domain,686,static,0.705
byte_domain,686,mi_rank,0.705
byte_domain,686,random_auth0,0.765
byte_domain,687,greedy,0.745
byte_domain,687,static,0.74
byte_domain,687,mi_rank,0.74
byte_domain,687,random_auth0,0.72
byte_domain,688,greedy,0.735
byte_domain,688,static,0.75
byte_domain,688,mi_rank,0.75
byte_domain,688,random_auth0,0.72
byte_domain,689,greedy,0.76
byte_domain,689,static,0.775
byte_domain,689,mi_rank,0.775
byte_domain,689,random_auth0,0.67
byte_domain,690,greedy,0.75
byte_domain,690,static,0.73
byte_domain,690,mi_rank,0.73
byte_domain,690,random_auth0,0.685
byte_domain,691,greedy,0.72
byte_domain,691,static,0.75
byte_domain,691,mi_rank,0.75
byte_domain,691,random_auth0,0.74
byte_domain,692,greedy,0.745
byte_domain,692,static,0.695
byte_domain,692,mi_rank,0.695
byte_domain,692,random_auth0,0.715
byte_domain,693,greedy,0.765
byte_domain,693,static,0.715
byte_domain,693,mi_rank,0.715
byte_domain,693,random_auth0,0.755
byte_domain,694,greedy,0.67
byte_domain,694,static,0.78
byte_domain,694,mi_rank,0.78
byte_domain,694,random_auth0,0.71
byte_domain,695,greedy,0.655
byte_domain,695,static,0.73
byte_domain,695,mi_rank,0.73
byte_domain,695,random_auth0,0.665
byte_domain,696,greedy,0.74
byte_domain,696,static,0.685
byte_domain,696,mi_rank,0.685
byte_domain,696,random_auth0,0.715
byte_domain,697,greedy,0.75
byte_domain,697,static,0.76
byte_domain,697,mi_rank,0.76
byte_domain,697,random_auth0,0.705
byte_domain,698,greedy,0.745
byte_domain,698,static,0.745
byte_domain,698,mi_rank,0.745
byte_domain,698,random_auth0,0.695
byte_domain,699,greedy,0.785
byte_domain,699,static,0.725
byte_domain,699,mi_rank,0.725
byte_domain,699,random_auth0,0.715
byte_domain,700,greedy,0.705
byte_domain,700,static,0.79
byte_domain,700,mi_rank,0.79
byte_domain,700,random_auth0,0.715
byte_domain,701,greedy,0.735
byte_domain,701,static,0.665
byte_domain,701,mi_rank,0.665
byte_domain,701,random_auth0,0.695
byte_domain,702,greedy,0.775
byte_domain,702,static,0.77
byte_domain,702,mi_rank,0.77
byte_domain,702,random_auth0,0.695
byte_domain,703,greedy,0.73
byte_domain,703,static,0.705
byte_domain,703,mi_rank,0.705
byte_domain,703,random_auth0,0.725
byte_domain,704,greedy,0.74
byte_domain,704,static,0.76
byte_domain,704,mi_rank,0.76
byte_domain,704,random_auth0,0.76
byte_domain,705,greedy,0.745
byte_domain,705,static,0.775
byte_domain,705,mi_rank,0.775
byte_domain,705,random_auth0,0.695
byte_domain,706,greedy,0.71
byte_domain,706,static,0.745
byte_domain,706,mi_rank,0.745
byte_domain,706,random_auth0,0.695
byte_domain,707,greedy,0.755
byte_domain,707,static,0.75
byte_domain,707,mi_rank,0.75
byte_domain,707,random_auth0,0.795
byte_domain,708,greedy,0.705
byte_domain,708,static,0.715
byte_domain,708,mi_rank,0.715
byte_domain,708,random_auth0,0.755
byte_domain,709,greedy,0.765
byte_domain,709,static,0.755
byte_domain,709,mi_rank,0.755
byte_domain,709,random_auth0,0.72
byte_domain,710,greedy,0.77
byte_domain,710,static,0.725
byte_domain,710,mi_rank,0.725
byte_domain,710,random_auth0,0.715
byte_domain,711,greedy,0.725
byte_domain,711,static,0.695
byte_domain,711,mi_rank,0.695
byte_domain,711,random_auth0,0.755
byte_domain,712,greedy,0.71
byte_domain,712,static,0.72
byte_domain,712,mi_rank,0.72
byte_domain,712,random_auth0,0.755
byte_domain,713,greedy,0.735
byte_domain,713,static,0.74
byte_domain,713,mi_rank,0.74
byte_domain,713,random_auth0,0.7
byte_domain,714,greedy,0.66
byte_domain,714,static,0.715
byte_domain,714,mi_rank,0.715
byte_domain,714,random_auth0,0.725
byte_domain,715,greedy,0.74
byte_domain,715,static,0.665
byte_domain,715,mi_rank,0.665
byte_domain,715,random_auth0,0.71
byte_domain,716,greedy,0.755
byte_domain,716,static,0.725
byte_domain,716,mi_rank,0.725
byte_domain,716,random_auth0,0.72
byte_domain,717,greedy,0.78
byte_domain,717,static,0.725
byte_domain,717,mi_rank,0.725
byte_domain,717,random_auth0,0.68
byte_domain,718,greedy,0.745
byte_domain,718,static,0.745
byte_domain,718,mi_rank,0.74
byte_domain,718,random_auth0,0.695
byte_domain,719,greedy,0.71
byte_domain,719,static,0.735
byte_domain,719,mi_rank,0.735
byte_domain,719,random_auth0,0.815
byte_domain,720,greedy,0.78
byte_domain,720,static,0.76
byte_domain,720,mi_rank,0.76
byte_domain,720,random_auth0,0.67
byte_domain,721,greedy,0.755
byte_domain,721,static,0.73
byte_domain,721,mi_rank,0.73
byte_domain,721,random_auth0,0.75
byte_domain,722,greedy,0.69
byte_domain,722,static,0.675
byte_domain,722,mi_rank,0.675
byte_domain,722,random_auth0,0.695
byte_domain,723,greedy,0.725
byte_domain,723,static,0.79
byte_domain,723,mi_rank,0.79
byte_domain,723,random_auth0,0.765
byte_domain,724,greedy,0.71
byte_domain,724,static,0.72
byte_domain,724,mi_rank,0.72
byte_domain,724,random_auth0,0.68
byte_domain,725,greedy,0.72
byte_domain,725,static,0.675
byte_domain,725,mi_rank,0.675
byte_domain,725,random_auth0,0.715
byte_domain,726,greedy,0.765
byte_domain,726,static,0.705
byte_domain,726,mi_rank,0.705
byte_domain,726,random_auth0,0.745
byte_domain,727,greedy,0.735
byte_domain,727,static,0.675
byte_domain,727,mi_rank,0.675
byte_domain,727,random_auth0,0.71
byte_domain,728,greedy,0.74
byte_domain,728,static,0.755
byte_domain,728,mi_rank,0.755
byte_domain,728,random_auth0,0.715
byte_domain,729,greedy,0.77
byte_domain,729,static,0.715
byte_domain,729,mi_rank,0.715
byte_domain,729,random_auth0,0.725
byte_domain,730,greedy,0.73
byte_domain,730,static,0.68
byte_domain,730,mi_rank,0.68
byte_domain,730,random_auth0,0.69
byte_domain,731,greedy,0.77
byte_domain,731,static,0.75
byte_domain,731,mi_rank,0.75
byte_domain,731,random_auth0,0.73
byte_domain,732,greedy,0.76
byte_domain,732,static,0.695
byte_domain,732,mi_rank,0.695
byte_domain,732,random_auth0,0.695
byte_domain,733,greedy,0.725
byte_domain,733,static,0.71
byte_domain,733,mi_rank,0.715
byte_domain,733,random_auth0,0.74
byte_domain,734,greedy,0.725
byte_domain,734,static,0.69
byte_domain,734,mi_rank,0.69
byte_domain,734,random_auth0,0.69
byte_domain,735,greedy,0.71
byte_domain,735,static,0.725
byte_domain,735,mi_rank,0.725
byte_domain,735,random_auth0,0.74
byte_domain,736,greedy,0.8
byte_domain,736,static,0.725
byte_domain,736,mi_rank,0.725
byte_domain,736,random_auth0,0.67
byte_domain,737,greedy,0.75
byte_domain,737,static,0.735
byte_domain,737,mi_rank,0.735
byte_domain,737,random_auth0,0.715
byte_domain,738,greedy,0.73
byte_domain,738,static,0.71
byte_domain,738,mi_rank,0.71
byte_domain,738,random_auth0,0.76
byte_domain,739,greedy,0.715
byte_domain,739,static,0.705
byte_domain,739,mi_rank,0.705
byte_domain,739,random_auth0,0.685
byte_domain,740,greedy,0.74
byte_domain,740,static,0.725
byte_domain,740,mi_rank,0.725
byte_domain,740,random_auth0,0.725
byte_domain,741,greedy,0.7
byte_domain,741,static,0.73
byte_domain,741,mi_rank,0.73
byte_domain,741,random_auth0,0.74
byte_domain,742,greedy,0.715
byte_domain,742,static,0.755
byte_domain,742,mi_rank,0.755
byte_domain,742,random_auth0,0.665
byte_domain,743,greedy,0.745
byte_domain,743,static,0.68
byte_domain,743,mi_rank,0.68
byte_domain,743,random_auth0,0.76
byte_domain,744,greedy,0.745
byte_domain,744,static,0.67
byte_domain,744,mi_rank,0.67
byte_domain,744,random_auth0,0.74
byte_domain,745,greedy,0.745
byte_domain,745,static,0.725
byte_domain,745,mi_rank,0.725
byte_domain,745,random_auth0,0.675
byte_domain,746,greedy,0.685
byte_domain,746,static,0.705
byte_domain,746,mi_rank,0.705
byte_domain,746,random_auth0,0.675
byte_domain,747,greedy,0.65
byte_domain,747,static,0.715
byte_domain,747,mi_rank,0.715
byte_domain,747,random_auth0,0.725
byte_domain,748,greedy,0.705
byte_domain,748,static,0.755
byte_domain,748,mi_rank,0.755
byte_domain,748,random_auth0,0.715
byte_domain,749,greedy,0.725
byte_domain,749,static,0.715
byte_domain,749,mi_rank,0.715
byte_domain,749,random_auth0,0.755
byte_domain,750,greedy,0.73
byte_domain,750,static,0.73
byte_domain,750,mi_rank,0.73
byte_domain,750,random_auth0,0.705
byte_domain,751,greedy,0.73
byte_domain,751,static,0.655
byte_domain,751,mi_rank,0.655
byte_domain,751,random_auth0,0.74
byte_domain,752,greedy,0.69
byte_domain,752,static,0.74
byte_domain,752,mi_rank,0.74
byte_domain,752,random_auth0,0.715
byte_domain,753,greedy,0.75
byte_domain,753,static,0.73
byte_domain,753,mi_rank,0.73
byte_domain,753,random_auth0,0.7
byte_domain,754,greedy,0.755
byte_domain,754,static,0.76
byte_domain,754,mi_rank,0.76
byte_domain,754,random_auth0,0.68
byte_domain,755,greedy,0.705
byte_domain,755,static,0.74
byte_domain,755,mi_rank,0.74
byte_domain,755,random_auth0,0.66
byte_domain,756,greedy,0.68
byte_domain,756,static,0.725
byte_domain,756,mi_rank,0.725
byte_domain,756,random_auth0,0.745
byte_domain,757,greedy,0.76
byte_domain,757,static,0.735
byte_domain,757,mi_rank,0.735
byte_domain,757,random_auth0,0.735
byte_domain,758,greedy,0.8
byte_domain,758,static,0.765
byte_domain,758,mi_rank,0.765
byte_domain,758,random_auth0,0.71
byte_domain,759,greedy,0.745
byte_domain,759,static,0.71
byte_domain,759,mi_rank,0.71
byte_domain,759,random_auth0,0.75
byte_domain,760,greedy,0.735
byte_domain,760,static,0.705
byte_domain,760,mi_rank,0.705
byte_domain,760,random_auth0,0.72
byte_domain,761,greedy,0.76
byte_domain,761,static,0.69
byte_domain,761,mi_rank,0.69
byte_domain,761,random_auth0,0.71
byte_domain,762,greedy,0.75
byte_domain,762,static,0.705
byte_domain,762,mi_rank,0.705
byte_domain,762,random_auth0,0.7
byte_domain,763,greedy,0.725
byte_domain,763,static,0.715
byte_domain,763,mi_rank,0.715
byte_domain,763,random_auth0,0.72
byte_domain,764,greedy,0.765
byte_domain,764,static,0.77
byte_domain,764,mi_rank,0.77
byte_domain,764,random_auth0,0.715
byte_domain,765,greedy,0.69
byte_domain,765,static,0.735
byte_domain,765,mi_rank,0.735
byte_domain,765,random_auth0,0.755
byte_domain,766,greedy,0.81
byte_domain,766,static,0.705
byte_domain,766,mi_rank,0.705
byte_domain,766,random_auth0,0.7
byte_domain,767,greedy,0.705
byte_domain,767,static,0.665
byte_domain,767,mi_rank,0.665
byte_domain,767,random_auth0,0.735
byte_domain,768,greedy,0.715
byte_domain,768,static,0.75
byte_domain,768,mi_rank,0.75
byte_domain,768,random_auth0,0.775
byte_domain,769,greedy,0.74
byte_domain,769,static,0.7
byte_domain,769,mi_rank,0.7
byte_domain,769,random_auth0,0.705
byte_domain,770,greedy,0.69
byte_domain,770,static,0.7
byte_domain,770,mi_rank,0.7
byte_domain,770,random_auth0,0.745
byte_domain,771,greedy,0.71
byte_domain,771,static,0.72
byte_domain,771,mi_rank,0.72
byte_domain,771,random_auth0,0.665
byte_domain,772,greedy,0.745
byte_domain,772,static,0.76
byte_domain,772,mi_rank,0.76
byte_domain,772,random_auth0,0.69
byte_domain,773,greedy,0.72
byte_domain,773,static,0.685
byte_domain,773,mi_rank,0.685
byte_domain,773,random_auth0,0.71
byte_domain,774,greedy,0.71
byte_domain,774,static,0.68
byte_domain,774,mi_rank,0.68
byte_domain,774,random_auth0,0.705
byte_domain,775,greedy,0.77
byte_domain,775,static,0.735
byte_domain,775,mi_rank,0.735
byte_domain,775,random_auth0,0.72
byte_domain,776,greedy,0.72
byte_domain,776,static,0.815
byte_domain,776,mi_rank,0.815
byte_domain,776,random_auth0,0.73
byte_domain,777,greedy,0.75
byte_domain,777,static,0.71
byte_domain,777,mi_rank,0.71
byte_domain,777,random_auth0,0.735
byte_domain,778,greedy,0.755
byte_domain,778,static,0.725
byte_domain,778,mi_rank,0.725
byte_domain,778,random_auth0,0.665
byte_domain,779,greedy,0.73
byte_domain,779,static,0.71
byte_domain,779,mi_rank,0.71
byte_domain,779,random_auth0,0.705
byte_domain,780,greedy,0.745
byte_domain,780,static,0.71
byte_domain,780,mi_rank,0.71
byte_domain,780,random_auth0,0.72
byte_domain,781,greedy,0.73
byte_domain,781,static,0.725
byte_domain,781,mi_rank,0.725
byte_domain,781,random_auth0,0.71
byte_domain,782,greedy,0.71
byte_domain,782,static,0.77
byte_domain,782,mi_rank,0.77
byte_domain,782,random_auth0,0.695
byte_domain,783,greedy,0.735
byte_domain,783,static,0.73
byte_domain,783,mi_rank,0.73
byte_domain,783,random_auth0,0.685
byte_domain,784,greedy,0.65
byte_domain,784,static,0.705
byte_domain,784,mi_rank,0.705
byte_domain,784,random_auth0,0.695
byte_domain,785,greedy,0.785
byte_domain,785,static,0.72
byte_domain,785,mi_rank,0.72
byte_domain,785,random_auth0,0.765
byte_domain,786,greedy,0.67
byte_domain,786,static,0.705
byte_domain,786,mi_rank,0.705
byte_domain,786,random_auth0,0.73
byte_domain,787,greedy,0.71
byte_domain,787,static,0.74
byte_domain,787,mi_rank,0.74
byte_domain,787,random_auth0,0.69
byte_domain,788,greedy,0.715
byte_domain,788,static,0.77
byte_domain,788,mi_rank,0.77
byte_domain,788,random_auth0,0.71
byte_domain,789,greedy,0.78
byte_domain,789,static,0.715
byte_domain,789,mi_rank,0.715
byte_domain,789,random_auth0,0.685
byte_domain,790,greedy,0.715
byte_domain,790,static,0.685
byte_domain,790,mi_rank,0.685
byte_domain,790,random_auth0,0.705
byte_domain,791,greedy,0.735
byte_domain,791,static,0.725
byte_domain,791,mi_rank,0.725
byte_domain,791,random_auth0,0.745
byte_domain,792,greedy,0.725
byte_domain,792,static,0.695
byte_domain,792,mi_rank,0.695
byte_domain,792,random_auth0,0.725
byte_domain,793,greedy,0.745
byte_domain,793,static,0.69
byte_domain,793,mi_rank,0.69
byte_domain,793,random_auth0,0.67
byte_domain,794,greedy,0.755
byte_domain,794,static,0.695
byte_domain,794,mi_rank,0.695
byte_domain,794,random_auth0,0.735
byte_domain,795,greedy,0.725
byte_domain,795,static,0.76
byte_domain,795,mi_rank,0.76
byte_domain,795,random_auth0,0.77
byte_domain,796,greedy,0.745
byte_domain,796,static,0.745
byte_domain,796,mi_rank,0.745
byte_domain,796,random_auth0,0.72
byte_domain,797,greedy,0.74
byte_domain,797,static,0.76
byte_domain,797,mi_rank,0.76
byte_domain,797,random_auth0,0.705
byte_domain,798,greedy,0.775
byte_domain,798,static,0.75
byte_domain,798,mi_rank,0.75
byte_domain,798,random_auth0,0.73
byte_domain,799,greedy,0.72
byte_domain,799,static,0.695
byte_domain,799,mi_rank,0.695
byte_domain,799,random_auth0,0.745
byte_domain,800,greedy,0.695
byte_domain,800,static,0.74
byte_domain,800,mi_rank,0.74
byte_domain,800,random_auth0,0.72
byte_domain,801,greedy,0.695
byte_domain,801,static,0.765
byte_domain,801,mi_rank,0.765
byte_domain,801,random_auth0,0.735
byte_domain,802,greedy,0.73
byte_domain,802,static,0.745
byte_domain,802,mi_rank,0.745
byte_domain,802,random_auth0,0.735
byte_domain,803,greedy,0.755
byte_domain,803,static,0.76
byte_domain,803,mi_rank,0.76
byte_domain,803,random_auth0,0.75
byte_domain,804,greedy,0.76
byte_domain,804,static,0.71
byte_domain,804,mi_rank,0.71
byte_domain,804,random_auth0,0.675
byte_domain,805,greedy,0.695
byte_domain,805,static,0.73
byte_domain,805,mi_rank,0.73
byte_domain,805,random_auth0,0.73
byte_domain,806,greedy,0.675
byte_domain,806,static,0.735
byte_domain,806,mi_rank,0.735
byte_domain,806,random_auth0,0.685
byte_domain,807,greedy,0.745
byte_domain,807,static,0.69
byte_domain,807,mi_rank,0.69
byte_domain,807,random_auth0,0.74
byte_domain,808,greedy,0.71
byte_domain,808,static,0.71
byte_domain,808,mi_rank,0.71
byte_domain,808,random_auth0,0.685
byte_domain,809,greedy,0.675
byte_domain,809,static,0.73
byte_domain,809,mi_rank,0.73
byte_domain,809,random_auth0,0.765
byte_domain,810,greedy,0.74
byte_domain,810,static,0.715
byte_domain,810,mi_rank,0.715
byte_domain,810,random_auth0,0.705
byte_domain,811,greedy,0.75
byte_domain,811,static,0.745
byte_domain,811,mi_rank,0.745
byte_domain,811,random_auth0,0.68
byte_domain,812,greedy,0.74
byte_domain,812,static,0.745
byte_domain,812,mi_rank,0.745
byte_domain,812,random_auth0,0.735
byte_domain,813,greedy,0.745
byte_domain,813,static,0.715
byte_domain,813,mi_rank,0.715
byte_domain,813,random_auth0,0.725
byte_domain,814,greedy,0.68
byte_domain,814,static,0.725
byte_domain,814,mi_rank,0.725
byte_domain,814,random_auth0,0.78
byte_domain,815,greedy,0.775
byte_domain,815,static,0.745
byte_domain,815,mi_rank,0.745
byte_domain,815,random_auth0,0.685
byte_domain,816,greedy,0.715
byte_domain,816,static,0.79
byte_domain,816,mi_rank,0.79
byte_domain,816,random_auth0,0.685
byte_domain,817,greedy,0.745
byte_domain,817,static,0.715
byte_domain,817,mi_rank,0.715
byte_domain,817,random_auth0,0.755
byte_domain,818,greedy,0.705
byte_domain,818,static,0.75
byte_domain,818,mi_rank,0.75
byte_domain,818,random_auth0,0.73
byte_domain,819,greedy,0.71
byte_domain,819,static,0.675
byte_domain,819,mi_rank,0.675
byte_domain,819,random_auth0,0.72
byte_domain,820,greedy,0.665
byte_domain,820,static,0.735
byte_domain,820,mi_rank,0.735
byte_domain,820,random_auth0,0.745
byte_domain,821,greedy,0.755
byte_domain,821,static,0.745
byte_domain,821,mi_rank,0.745
byte_domain,821,random_auth0,0.69
byte_domain,822,greedy,0.7
byte_domain,822,static,0.735
byte_domain,822,mi_rank,0.735
byte_domain,822,random_auth0,0.69
byte_domain,823,greedy,0.75
byte_domain,823,static,0.72
byte_domain,823,mi_rank,0.72
byte_domain,823,random_auth0,0.71
byte_domain,824,greedy,0.795
byte_domain,824,static,0.695
byte_domain,824,mi_rank,0.695
byte_domain,824,random_auth0,0.72
byte_domain,825,greedy,0.77
byte_domain,825,static,0.76
byte_domain,825,mi_rank,0.76
byte_domain,825,random_auth0,0.675
byte_domain,826,greedy,0.71
byte_domain,826,static,0.74
byte_domain,826,mi_rank,0.74
byte_domain,826,random_auth0,0.685
byte_domain,827,greedy,0.685
byte_domain,827,static,0.72
byte_domain,827,mi_rank,0.72
byte_domain,827,random_auth0,0.715
byte_domain,828,greedy,0.715
byte_domain,828,static,0.76
byte_domain,828,mi_rank,0.76
byte_domain,828,random_auth0,0.7
byte_domain,829,greedy,0.69
byte_domain,829,static,0.785
byte_domain,829,mi_rank,0.785
byte_domain,829,random_auth0,0.735
byte_domain,830,greedy,0.745
byte_domain,830,static,0.745
byte_domain,830,mi_rank,0.745
byte_domain,830,random_auth0,0.715
byte_domain,831,greedy,0.695
byte_domain,831,static,0.71
byte_domain,831,mi_rank,0.71
byte_domain,831,random_auth0,0.72
byte_domain,832,greedy,0.68
byte_domain,832,static,0.77
byte_domain,832,mi_rank,0.77
byte_domain,832,random_auth0,0.76
byte_domain,833,greedy,0.695
byte_domain,833,static,0.735
byte_domain,833,mi_rank,0.735
byte_domain,833,random_auth0,0.715
byte_domain,834,greedy,0.765
byte_domain,834,static,0.695
byte_domain,834,mi_rank,0.695
byte_domain,834,random_auth0,0.75
byte_domain,835,greedy,0.745
byte_domain,835,static,0.73
byte_domain,835,mi_rank,0.73
byte_domain,835,random_auth0,0.705
byte_domain,836,greedy,0.72
byte_domain,836,static,0.7
byte_domain,836,mi_rank,0.7
byte_domain,836,random_auth0,0.725
byte_domain,837,greedy,0.665
byte_domain,837,static,0.755
byte_domain,837,mi_rank,0.755
byte_domain,837,random_auth0,0.73
byte_domain,838,greedy,0.765
byte_domain,838,static,0.72
byte_domain,838,mi_rank,0.72
byte_domain,838,random_auth0,0.66
byte_domain,839,greedy,0.71
byte_domain,839,static,0.78
byte_domain,839,mi_rank,0.78
byte_domain,839,random_auth0,0.67
byte_domain,840,greedy,0.68
byte_domain,840,static,0.705
byte_domain,840,mi_rank,0.705
byte_domain,840,random_auth0,0.735
byte_domain,841,greedy,0.705
byte_domain,841,static,0.74
byte_domain,841,mi_rank,0.74
byte_domain,841,random_auth0,0.735
byte_domain,842,greedy,0.735
byte_domain,842,static,0.73
byte_domain,842,mi_rank,0.73
byte_domain,842,random_auth0,0.725
byte_domain,843,greedy,0.78
byte_domain,843,static,0.735
byte_domain,843,mi_rank,0.735
byte_domain,843,random_auth0,0.76
byte_domain,844,greedy,0.775
byte_domain,844,static,0.725
byte_domain,844,mi_rank,0.725
byte_domain,844,random_auth0,0.7
byte_domain,845,greedy,0.755
byte_domain,845,static,0.69
byte_domain,845,mi_rank,0.69
byte_domain,845,random_auth0,0.7
byte_domain,846,greedy,0.715
byte_domain,846,static,0.715
byte_domain,846,mi_rank,0.715
byte_domain,846,random_auth0,0.665
byte_domain,847,greedy,0.715
byte_domain,847,static,0.73
byte_domain,847,mi_rank,0.73
byte_domain,847,random_auth0,0.715
byte_domain,848,greedy,0.79
byte_domain,848,static,0.705
byte_domain,848,mi_rank,0.705
byte_domain,848,random_auth0,0.745
byte_domain,849,greedy,0.745
byte_domain,849,static,0.69
byte_domain,849,mi_rank,0.69
byte_domain,849,random_auth0,0.705
byte_domain,850,greedy,0.775
byte_domain,850,static,0.785
byte_domain,850,mi_rank,0.785
byte_domain,850,random_auth0,0.71
byte_domain,851,greedy,0.735
byte_domain,851,static,0.715
byte_domain,851,mi_rank,0.715
byte_domain,851,random_auth0,0.72
byte_domain,852,greedy,0.685
byte_domain,852,static,0.75
byte_domain,852,mi_rank,0.75
byte_domain,852,random_auth0,0.73
byte_domain,853,greedy,0.715
byte_domain,853,static,0.71
byte_domain,853,mi_rank,0.71
byte_domain,853,random_auth0,0.69
byte_domain,854,greedy,0.73
byte_domain,854,static,0.725
byte_domain,854,mi_rank,0.725
byte_domain,854,random_auth0,0.765
byte_domain,855,greedy,0.765
byte_domain,855,static,0.72
byte_domain,855,mi_rank,0.72
byte_domain,855,random_auth0,0.675
byte_domain,856,greedy,0.75
byte_domain,856,static,0.77
byte_domain,856,mi_rank,0.77
byte_domain,856,random_auth0,0.705
byte_domain,857,greedy,0.72
byte_domain,857,static,0.72
byte_domain,857,mi_rank,0.72
byte_domain,857,random_auth0,0.705
byte_domain,858,greedy,0.71
byte_domain,858,static,0.78
byte_domain,858,mi_rank,0.78
byte_domain,858,random_auth0,0.765
byte_domain,859,greedy,0.73
byte_domain,859,static,0.735
byte_domain,859,mi_rank,0.735
byte_domain,859,random_auth0,0.75
byte_domain,860,greedy,0.695
byte_domain,860,static,0.72
byte_domain,860,mi_rank,0.72
byte_domain,860,random_auth0,0.675
byte_domain,861,greedy,0.695
byte_domain,861,static,0.725
byte_domain,861,mi_rank,0.725
byte_domain,861,random_auth0,0.705
byte_domain,862,greedy,0.77
byte_domain,862,static,0.715
byte_domain,862,mi_rank,0.715
byte_domain,862,random_auth0,0.705
byte_domain,863,greedy,0.755
byte_domain,863,static,0.725
byte_domain,863,mi_rank,0.725
byte_domain,863,random_auth0,0.69
byte_domain,864,greedy,0.73
byte_domain,864,static,0.72
byte_domain,864,mi_rank,0.72
byte_domain,864,random_auth0,0.69
byte_domain,865,greedy,0.72
byte_domain,865,static,0.705
byte_domain,865,mi_rank,0.705
byte_domain,865,random_auth0,0.705
byte_domain,866,greedy,0.695
byte_domain,866,static,0.79
byte_domain,866,mi_rank,0.79
byte_domain,866,random_auth0,0.695
byte_domain,867,greedy,0.775
byte_domain,867,static,0.765
byte_domain,867,mi_rank,0.765
byte_domain,867,random_auth0,0.705
byte_domain,868,greedy,0.75
byte_domain,868,static,0.725
byte_domain,868,mi_rank,0.725
byte_domain,868,random_auth0,0.79
byte_domain,869,greedy,0.695
byte_domain,869,static,0.725
byte_domain,869,mi_rank,0.725
byte_domain,869,random_auth0,0.705
byte_domain,870,greedy,0.685
byte_domain,870,static,0.7
byte_domain,870,mi_rank,0.7
byte_domain,870,random_auth0,0.73
byte_domain,871,greedy,0.735
byte_domain,871,static,0.665
byte_domain,871,mi_rank,0.665
byte_domain,871,random_auth0,0.725
byte_domain,872,greedy,0.74
byte_domain,872,static,0.705
byte_domain,872,mi_rank,0.705
byte_domain,872,random_auth0,0.705
byte_domain,873,greedy,0.725
byte_domain,873,static,0.705
byte_domain,873,mi_rank,0.705
byte_domain,873,random_auth0,0.735
byte_domain,874,greedy,0.73
byte_domain,874,static,0.77
byte_domain,874,mi_rank,0.77
byte_domain,874,random_auth0,0.725
byte_domain,875,greedy,0.7
byte_domain,875,static,0.745
byte_domain,875,mi_rank,0.745
byte_domain,875,random_auth0,0.705
byte_domain,876,greedy,0.8
byte_domain,876,static,0.65
byte_domain,876,mi_rank,0.65
byte_domain,876,random_auth0,0.685
byte_domain,877,greedy,0.73
byte_domain,877,static,0.745
byte_domain,877,mi_rank,0.745
byte_domain,877,random_auth0,0.765
byte_domain,878,greedy,0.76
byte_domain,878,static,0.685
byte_domain,878,mi_rank,0.685
byte_domain,878,random_auth0,0.7
byte_domain,879,greedy,0.71
byte_domain,879,static,0.74
byte_domain,879,mi_rank,0.74
byte_domain,879,random_auth0,0.725
byte_domain,880,greedy,0.735
byte_domain,880,static,0.75
byte_domain,880,mi_rank,0.755
byte_domain,880,random_auth0,0.765
byte_domain,881,greedy,0.715
byte_domain,881,static,0.71
byte_domain,881,mi_rank,0.71
byte_domain,881,random_auth0,0.735
byte_domain,882,greedy,0.74
byte_domain,882,static,0.695
byte_domain,882,mi_rank,0.695
byte_domain,882,random_auth0,0.705
byte_domain,883,greedy,0.735
byte_domain,883,static,0.715
byte_domain,883,mi_rank,0.715
byte_domain,883,random_auth0,0.765
byte_domain,884,greedy,0.73
byte_domain,884,static,0.74
byte_domain,884,mi_rank,0.74
byte_domain,884,random_auth0,0.69
byte_domain,885,greedy,0.73
byte_domain,885,static,0.72
byte_domain,885,mi_rank,0.72
byte_domain,885,random_auth0,0.705
byte_domain,886,greedy,0.735
byte_domain,886,static,0.725
byte_domain,886,mi_rank,0.725
byte_domain,886,random_auth0,0.765
byte_domain,887,greedy,0.755
byte_domain,887,static,0.78
byte_domain,887,mi_rank,0.78
byte_domain,887,random_auth0,0.72
byte_domain,888,greedy,0.745
byte_domain,888,static,0.735
byte_domain,888,mi_rank,0.735
byte_domain,888,random_auth0,0.72
byte_domain,889,greedy,0.74
byte_domain,889,static,0.74
byte_domain,889,mi_rank,0.74
byte_domain,889,random_auth0,0.725
byte_domain,890,greedy,0.75
byte_domain,890,static,0.765
byte_domain,890,mi_rank,0.765
byte_domain,890,random_auth0,0.74
byte_domain,891,greedy,0.69
byte_domain,891,static,0.71
byte_domain,891,mi_rank,0.71
byte_domain,891,random_auth0,0.66
byte_domain,892,greedy,0.74
byte_domain,892,static,0.705
byte_domain,892,mi_rank,0.705
byte_domain,892,random_auth0,0.755
byte_domain,893,greedy,0.755
byte_domain,893,static,0.735
byte_domain,893,mi_rank,0.735
byte_domain,893,random_auth0,0.69
byte_domain,894,greedy,0.715
byte_domain,894,static,0.74
byte_domain,894,mi_rank,0.74
byte_domain,894,random_auth0,0.735
byte_domain,895,greedy,0.77
byte_domain,895,static,0.725
byte_domain,895,mi_rank,0.725
byte_domain,895,random_auth0,0.76
byte_domain,896,greedy,0.75
byte_domain,896,static,0.76
byte_domain,896,mi_rank,0.755
byte_domain,896,random_auth0,0.665
byte_domain,897,greedy,0.77
byte_domain,897,static,0.725
byte_domain,897,mi_rank,0.725
byte_domain,897,random_auth0,0.7
byte_domain,898,greedy,0.755
byte_domain,898,static,0.745
byte_domain,898,mi_rank,0.745
byte_domain,898,random_auth0,0.645
byte_domain,899,greedy,0.725
byte_domain,899,static,0.73
byte_domain,899,mi_rank,0.735
byte_domain,899,random_auth0,0.695
byte_domain,900,greedy,0.73
byte_domain,900,static,0.74
byte_domain,900,mi_rank,0.74
byte_domain,900,random_auth0,0.785
byte_domain,901,greedy,0.745
byte_domain,901,static,0.74
byte_domain,901,mi_rank,0.74
byte_domain,901,random_auth0,0.72
byte_domain,902,greedy,0.765
byte_domain,902,static,0.715
byte_domain,902,mi_rank,0.715
byte_domain,902,random_auth0,0.725
byte_domain,903,greedy,0.695
byte_domain,903,static,0.755
byte_domain,903,mi_rank,0.755
byte_domain,903,random_auth0,0.73
byte_domain,904,greedy,0.75
byte_domain,904,static,0.74
byte_domain,904,mi_rank,0.74
byte_domain,904,random_auth0,0.75
byte_domain,905,greedy,0.73
byte_domain,905,static,0.72
byte_domain,905,mi_rank,0.72
byte_domain,905,random_auth0,0.685
byte_domain,906,greedy,0.715
byte_domain,906,static,0.725
byte_domain,906,mi_rank,0.725
byte_domain,906,random_auth0,0.71
byte_domain,907,greedy,0.68
byte_domain,907,static,0.735
byte_domain,907,mi_rank,0.735
byte_domain,907,random_auth0,0.64
byte_domain,908,greedy,0.695
byte_domain,908,static,0.75
byte_domain,908,mi_rank,0.75
byte_domain,908,random_auth0,0.7
byte_domain,909,greedy,0.71
byte_domain,909,static,0.73
byte_domain,909,mi_rank,0.73
byte_domain,909,random_auth0,0.685
byte_domain,910,greedy,0.72
byte_domain,910,static,0.745
byte_domain,910,mi_rank,0.745
byte_domain,910,random_auth0,0.71
byte_domain,911,greedy,0.76
byte_domain,911,static,0.72
byte_domain,911,mi_rank,0.725
byte_domain,911,random_auth0,0.705
byte_domain,912,greedy,0.75
byte_domain,912,static,0.75
byte_domain,912,mi_rank,0.75
byte_domain,912,random_auth0,0.72
byte_domain,913,greedy,0.735
byte_domain,913,static,0.72
byte_domain,913,mi_rank,0.72
byte_domain,913,random_auth0,0.755
byte_domain,914,greedy,0.73
byte_domain,914,static,0.72
byte_domain,914,mi_rank,0.72
byte_domain,914,random_auth0,0.735
byte_domain,915,greedy,0.73
byte_domain,915,static,0.715
byte_domain,915,mi_rank,0.715
byte_domain,915,random_auth0,0.72
byte_domain,916,greedy,0.72
byte_domain,916,static,0.755
byte_domain,916,mi_rank,0.755
byte_domain,916,random_auth0,0.76
byte_domain,917,greedy,0.765
byte_domain,917,static,0.725
byte_domain,917,mi_rank,0.725
byte_domain,917,random_auth0,0.725
byte_domain,918,greedy,0.695
byte_domain,918,static,0.75
byte_domain,918,mi_rank,0.75
byte_domain,918,random_auth0,0.72
byte_domain,919,greedy,0.78
byte_domain,919,static,0.7
byte_domain,919,mi_rank,0.7
byte_domain,919,random_auth0,0.665
byte_domain,920,greedy,0.74
byte_domain,920,static,0.715
byte_domain,920,mi_rank,0.715
byte_domain,920,random_auth0,0.7
byte_domain,921,greedy,0.715
byte_domain,921,static,0.715
byte_domain,921,mi_rank,0.715
byte_domain,921,random_auth0,0.655
byte_domain,922,greedy,0.745
byte_domain,922,static,0.765
byte_domain,922,mi_rank,0.765
byte_domain,922,random_auth0,0.73
byte_domain,923,greedy,0.74
byte_domain,923,static,0.785
byte_domain,923,mi_rank,0.785
byte_domain,923,random_auth0,0.71
byte_domain,924,greedy,0.74
byte_domain,924,static,0.755
byte_domain,924,mi_rank,0.755
byte_domain,924,random_auth0,0.705
byte_domain,925,greedy,0.705
byte_domain,925,static,0.775
byte_domain,925,mi_rank,0.775
byte_domain,925,random_auth0,0.685
byte_domain,926,greedy,0.735
byte_domain,926,static,0.735
byte_domain,926,mi_rank,0.735
byte_domain,926,random_auth0,0.65
byte_domain,927,greedy,0.695
byte_domain,927,static,0.73
byte_domain,927,mi_rank,0.73
byte_domain,927,random_auth0,0.69
byte_domain,928,greedy,0.76
byte_domain,928,static,0.765
byte_domain,928,mi_rank,0.765
byte_domain,928,random_auth0,0.77
byte_domain,929,greedy,0.745
byte_domain,929,static,0.695
byte_domain,929,mi_rank,0.695
byte_domain,929,random_auth0,0.755
byte_domain,930,greedy,0.7
byte_domain,930,static,0.725
byte_domain,930,mi_rank,0.725
byte_domain,930,random_auth0,0.725
byte_domain,931,greedy,0.7
byte_domain,931,static,0.685
byte_domain,931,mi_rank,0.685
byte_domain,931,random_auth0,0.715
byte_domain,932,greedy,0.755
byte_domain,932,static,0.695
byte_domain,932,mi_rank,0.695
byte_domain,932,random_auth0,0.72
byte_domain,933,greedy,0.785
byte_domain,933,static,0.73
byte_domain,933,mi_rank,0.73
byte_domain,933,random_auth0,0.75
byte_domain,934,greedy,0.725
byte_domain,934,static,0.685
byte_domain,934,mi_rank,0.685
byte_domain,934,random_auth0,0.745
byte_domain,935,greedy,0.75
byte_domain,935,static,0.78
byte_domain,935,mi_rank,0.78
byte_domain,935,random_auth0,0.715
byte_domain,936,greedy,0.7
byte_domain,936,static,0.675
byte_domain,936,mi_rank,0.675
byte_domain,936,random_auth0,0.75
byte_domain,937,greedy,0.73
byte_domain,937,static,0.74
byte_domain,937,mi_rank,0.74
byte_domain,937,random_auth0,0.75
byte_domain,938,greedy,0.72
byte_domain,938,static,0.715
byte_domain,938,mi_rank,0.715
byte_domain,938,random_auth0,0.72
byte_domain,939,greedy,0.74
byte_domain,939,static,0.75
byte_domain,939,mi_rank,0.75
byte_domain,939,random_auth0,0.725
byte_domain,940,greedy,0.705
byte_domain,940,static,0.715
byte_domain,940,mi_rank,0.715
byte_domain,940,random_auth0,0.73
byte_domain,941,greedy,0.77
byte_domain,941,static,0.72
byte_domain,941,mi_rank,0.72
byte_domain,941,random_auth0,0.675
byte_domain,942,greedy,0.72
byte_domain,942,static,0.725
byte_domain,942,mi_rank,0.725
byte_domain,942,random_auth0,0.69
byte_domain,943,greedy,0.77
byte_domain,943,static,0.75
byte_domain,943,mi_rank,0.75
byte_domain,943,random_auth0,0.74
byte_domain,944,greedy,0.685
byte_domain,944,static,0.71
byte_domain,944,mi_rank,0.71
byte_domain,944,random_auth0,0.69
byte_domain,945,greedy,0.76
byte_domain,945,static,0.7
byte_domain,945,mi_rank,0.7
byte_domain,945,random_auth0,0.735
byte_domain,946,greedy,0.765
byte_domain,946,static,0.735
byte_domain,946,mi_rank,0.735
byte_domain,946,random_auth0,0.775
byte_domain,947,greedy,0.76
byte_domain,947,static,0.8
byte_domain,947,mi_rank,0.8
byte_domain,947,random_auth0,0.705
byte_domain,948,greedy,0.75
byte_domain,948,static,0.745
byte_domain,948,mi_rank,0.75
byte_domain,948,random_auth0,0.755
byte_domain,949,greedy,0.715
byte_domain,949,static,0.705
byte_domain,949,mi_rank,0.7
byte_domain,949,random_auth0,0.74
byte_domain,950,greedy,0.69
byte_domain,950,static,0.64
byte_domain,950,mi_rank,0.64
byte_domain,950,random_auth0,0.67
byte_domain,951,greedy,0.72
byte_domain,951,static,0.725
byte_domain,951,mi_rank,0.725
byte_domain,951,random_auth0,0.71
byte_domain,952,greedy,0.74
byte_domain,952,static,0.77
byte_domain,952,mi_rank,0.77
byte_domain,952,random_auth0,0.71
byte_domain,953,greedy,0.765
byte_domain,953,static,0.735
byte_domain,953,mi_rank,0.735
byte_domain,953,random_auth0,0.73
byte_domain,954,greedy,0.67
byte_domain,954,static,0.72
byte_domain,954,mi_rank,0.72
byte_domain,954,random_auth0,0.705
byte_domain,955,greedy,0.685
byte_domain,955,static,0.69
byte_domain,955,mi_rank,0.69
byte_domain,955,random_auth0,0.76
byte_domain,956,greedy,0.72
byte_domain,956,static,0.775
byte_domain,956,mi_rank,0.775
byte_domain,956,random_auth0,0.68
byte_domain,957,greedy,0.725
byte_domain,957,static,0.705
byte_domain,957,mi_rank,0.705
byte_domain,957,random_auth0,0.745
byte_domain,958,greedy,0.745
byte_domain,958,static,0.7
byte_domain,958,mi_rank,0.7
byte_domain,958,random_auth0,0.745
byte_domain,959,greedy,0.705
byte_domain,959,static,0.74
byte_domain,959,mi_rank,0.74
byte_domain,959,random_auth0,0.69
byte_domain,960,greedy,0.72
byte_domain,960,static,0.69
byte_domain,960,mi_rank,0.69
byte_domain,960,random_auth0,0.745
byte_domain,961,greedy,0.71
byte_domain,961,static,0.74
byte_domain,961,mi_rank,0.735
byte_domain,961,random_auth0,0.71
byte_domain,962,greedy,0.74
byte_domain,962,static,0.68
byte_domain,962,mi_rank,0.68
byte_domain,962,random_auth0,0.72
byte_domain,963,greedy,0.715
byte_domain,963,static,0.77
byte_domain,963,mi_rank,0.77
byte_domain,963,random_auth0,0.725
byte_domain,964,greedy,0.71
byte_domain,964,static,0.69
byte_domain,964,mi_rank,0.69
byte_domain,964,random_auth0,0.745
byte_domain,965,greedy,0.75
byte_domain,965,static,0.715
byte_domain,965,mi_rank,0.715
byte_domain,965,random_auth0,0.71
byte_domain,966,greedy,0.695
byte_domain,966,static,0.755
byte_domain,966,mi_rank,0.755
byte_domain,966,random_auth0,0.73
byte_domain,967,greedy,0.7
byte_domain,967,static,0.71
byte_domain,967,mi_rank,0.71
byte_domain,967,random_auth0,0.73
byte_domain,968,greedy,0.74
byte_domain,968,static,0.735
byte_domain,968,mi_rank,0.735
byte_domain,968,random_auth0,0.68
byte_domain,969,greedy,0.63
byte_domain,969,static,0.705
byte_domain,969,mi_rank,0.705
byte_domain,969,random_auth0,0.7
byte_domain,970,greedy,0.775
byte_domain,970,static,0.71
byte_domain,970,mi_rank,0.71
byte_domain,970,random_auth0,0.685
byte_domain,971,greedy,0.72
byte_domain,971,static,0.765
byte_domain,971,mi_rank,0.77
byte_domain,971,random_auth0,0.735
byte_domain,972,greedy,0.69
byte_domain,972,static,0.665
byte_domain,972,mi_rank,0.665
byte_domain,972,random_auth0,0.71
byte_domain,973,greedy,0.745
byte_domain,973,static,0.75
byte_domain,973,mi_rank,0.75
byte_domain,973,random_auth0,0.735
byte_domain,974,greedy,0.76
byte_domain,974,static,0.68
byte_domain,974,mi_rank,0.68
byte_domain,974,random_auth0,0.675
byte_domain,975,greedy,0.71
byte_domain,975,static,0.66
byte_domain,975,mi_rank,0.66
byte_domain,975,random_auth0,0.715
byte_domain,976,greedy,0.76
byte_domain,976,static,0.705
byte_domain,976,mi_rank,0.705
byte_domain,976,random_auth0,0.74
byte_domain,977,greedy,0.735
byte_domain,977,static,0.725
byte_domain,977,mi_rank,0.73
byte_domain,977,random_auth0,0.735
byte_domain,978,greedy,0.705
byte_domain,978,static,0.73
byte_domain,978,mi_rank,0.73
byte_domain,978,random_auth0,0.71
byte_domain,979,greedy,0.75
byte_domain,979,static,0.755
byte_domain,979,mi_rank,0.755
byte_domain,979,random_auth0,0.71
byte_domain,980,greedy,0.675
byte_domain,980,static,0.775
byte_domain,980,mi_rank,0.775
byte_domain,980,random_auth0,0.725
byte_domain,981,greedy,0.715
byte_domain,981,static,0.72
byte_domain,981,mi_rank,0.72
byte_domain,981,random_auth0,0.69
byte_domain,982,greedy,0.73
byte_domain,982,static,0.71
byte_domain,982,mi_rank,0.71
byte_domain,982,random_auth0,0.75
byte_domain,983,greedy,0.76
byte_domain,983,static,0.73
byte_domain,983,mi_rank,0.73
byte_domain,983,random_auth0,0.695
byte_domain,984,greedy,0.715
byte_domain,984,static,0.715
byte_domain,984,mi_rank,0.715
byte_domain,984,random_auth0,0.705
byte_domain,985,greedy,0.7
byte_domain,985,static,0.72
byte_domain,985,mi_rank,0.72
byte_domain,985,random_auth0,0.765
byte_domain,986,greedy,0.7
byte_domain,986,static,0.725
byte_domain,986,mi_rank,0.725
byte_domain,986,random_auth0,0.66
byte_domain,987,greedy,0.72
byte_domain,987,static,0.725
byte_domain,987,mi_rank,0.725
byte_domain,987,random_auth0,0.66
byte_domain,988,greedy,0.68
byte_domain,988,static,0.665
byte_domain,988,mi_rank,0.665
byte_domain,988,random_auth0,0.67
byte_domain,989,greedy,0.725
byte_domain,989,static,0.72
byte_domain,989,mi_rank,0.72
byte_domain,989,random_auth0,0.715
byte_domain,990,greedy,0.695
byte_domain,990,static,0.735
byte_domain,990,mi_rank,0.735
byte_domain,990,random_auth0,0.775
byte_domain,991,greedy,0.675
byte_domain,991,static,0.68
byte_domain,991,mi_rank,0.68
byte_domain,991,random_auth0,0.705
byte_domain,992,greedy,0.72
byte_domain,992,static,0.69
byte_domain,992,mi_rank,0.69
byte_domain,992,random_auth0,0.665
byte_domain,993,greedy,0.71
byte_domain,993,static,0.76
byte_domain,993,mi_rank,0.76
byte_domain,993,random_auth0,0.77
byte_domain,994,greedy,0.715
byte_domain,994,static,0.73
byte_domain,994,mi_rank,0.73
byte_domain,994,random_auth0,0.685
byte_domain,995,greedy,0.725
byte_domain,995,static,0.76
byte_domain,995,mi_rank,0.76
byte_domain,995,random_auth0,0.76
byte_domain,996,greedy,0.71
byte_domain,996,static,0.705
byte_domain,996,mi_rank,0.705
byte_domain,996,random_auth0,0.685
byte_domain,997,greedy,0.705
byte_domain,997,static,0.725
byte_domain,997,mi_rank,0.725
byte_domain,997,random_auth0,0.755
byte_domain,998,greedy,0.745
byte_domain,998,static,0.64
byte_domain,998,mi_rank,0.64
byte_domain,998,random_auth0,0.685
byte_domain,999,greedy,0.75
byte_domain,999,static,0.72
byte_domain,999,mi_rank,0.72
byte_domain,999,random_auth0,0.755
